SampID,Station,CollDate,BFIWs,Elevation,KffactWs,PrecipWs,RckDepWs,SWs,TmaxWs,TmeanWs,Latitude,Longitude
814,MRC0105,8/6/2014,66.26969618,8500,0.287906968,774.6975484,72.23141657,0.103796781,6.478653965,0.787337595,44.741111,-107.593194
178,MRC0114,8/29/2007,69.60934343,7605,0.25,633.6463307,68.3,0.131452561,8.381085678,2.505610088,44.854944,-107.460383
179,MRC0115,8/30/2007,62.06502525,6858,0.186330938,735.7788595,104.7101542,0.013417746,6.553326945,0.596053623,44.320067,-106.89985
397,MRC0117,8/12/2010,56.15250336,9274,0.14569154,770.2303647,83.23991751,0.033571789,5.041660048,-0.425590544,44.515029,-107.387411
392,MRC0118,8/4/2010,71.53195522,7590,0.29,712.3545118,71.70786333,0.166782814,6.993421247,1.413541223,44.875576,-107.782492
391,MRC0119,8/3/2010,72.86516027,8670,0.257643115,690.7636066,69.14454866,0.112387614,7.060819762,1.480673263,44.91212,-107.767861
410,MRC0120,9/22/2010,58.07031441,6300,0.211076946,714.1474908,91.14325637,0.052366762,6.107287169,0.602285285,44.585827,-107.607724
409,MRC0121,9/21/2010,58.26427567,7824,0.17746032,741.4892413,100.1385121,0.035937309,6.568590458,0.731370972,44.630258,-107.280309
433,MRC0122,7/26/2011,68.67207989,7780,0.25,512.7082606,68.3,0.103294697,8.044449236,2.858623941,43.8532947,-107.0635492
458,MRC0123,9/7/2011,71.42958477,5240,0.268944123,671.5191862,69.88391504,0.146002082,8.053133351,2.343695278,44.944785,-107.67928
456,MRC0124,8/30/2011,68.02560612,8100,0.279414453,817.0640339,70.88175431,0.099548101,6.03991634,0.481589763,44.764373,-107.603417
455,MRC0125,8/29/2011,66.33772142,8140,0.276295894,709.0510544,75.69830475,0.147051926,7.138173147,1.197898236,44.762733,-107.5441
457,MRC0126,9/6/2011,64.80014652,24.74,0.245261405,495.6473311,106.652999,0.139718303,9.182418148,3.383148933,44.071052,-106.822257
465,MRC0127,9/27/2011,62.65080477,5360,0.20152435,644.6002374,99.7806637,0.025279881,7.713750867,1.768583951,44.32986,-106.794443
333,MRC11,9/1/2009,68.22332783,8560,0.278862097,855.6745103,70.88678778,0.102982767,5.401786317,0.052397061,44.7460083,-107.6948083
646,MRC16,10/2/2013,59.80352053,8780,0.113535715,852.6567848,88.26761803,0.012003969,4.383567249,-1.36999787,44.2386111,-107.2244444
193,MRC18,10/17/2007,71.54604157,4520,0.268052182,664.4935357,69.81364707,0.145323804,8.228576125,2.499748544,44.9868833,-107.6386806
334,MRC22,9/3/2009,68.75617244,8210,0.29,827.4203066,71.75,0.09579163,6.431992634,0.694065492,44.7555028,-107.6330944
343,MRC24,10/15/2009,65.70630017,4120,0.251454948,701.1051135,82.27952561,0.088220298,7.408912695,1.58031856,44.846625,-107.3306833
192,MRC24,10/10/2007,65.70630017,4120,0.251454948,701.1051135,82.27952561,0.088220298,7.408912695,1.58031856,44.846625,-107.3306833
243,MRC26,9/11/2008,64.21050943,7720,0.184463864,667.8089308,100.9001412,0.011350489,6.821402626,1.138068462,44.168775,-106.9152167
816,MRC38,10/8/2014,58.50340033,4420,0.186503355,683.4466562,89.84773027,0.096531793,8.037550483,2.011785091,44.6266556,-107.0303611
642,MRC48,8/15/2013,63.52263198,8000,0.21,700.0028444,103.98,0.038589001,7.784687821,2.030321554,44.7578722,-107.4363306
502,MRC5,9/19/2012,62.80172523,7878,0.187164592,762.3535675,105.9206852,0.013184838,6.203440176,0.33808751,44.274189,-106.968398
503,MRC54,10/3/2012,63.32851324,5346,0.248034806,464.1423342,100.7178267,0.100554899,10.85746144,4.738780609,44.364049,-106.814027
504,MRC6,10/9/2012,66.22834847,5144,0.261991803,535.9439607,75.71729132,0.224451372,9.117264747,3.818819688,43.601585,-106.908389
242,MRC63,9/10/2008,64.05697247,8220,0.156260373,711.5172408,95.34582058,0.010764516,6.380128813,0.69955892,44.156192,-106.972275
246,MRCI27,9/17/2008,63.49605406,5330,0.230714462,453.3840113,96.77974351,0.247853246,10.25904728,4.040164774,44.1980917,-106.7761778
244,MRCI28,9/15/2008,64.89085218,7760,0.284656993,472.1551354,108.0396574,0.587160581,9.928050892,3.898098565,44.1587,-106.9096472
247,MRCI29,9/17/2008,64.89085218,5440,0.284656993,472.1551354,108.0396574,0.587160581,9.928050892,3.898098565,44.1681083,-106.8058333
250,MRCI30,9/23/2008,64.7496672,4820,0.29561946,392.0988722,107.1085297,0.945082341,12.61901576,5.891275946,44.1323722,-106.7105806
245,MRCI31,9/16/2008,64.21484874,5260,0.217480158,527.3875531,101.2860147,0.164967753,8.973811401,3.001606629,44.1967306,-106.7689944
248,MRCI32,9/18/2008,64.02160863,4910,0.233715777,488.2595988,103.3640663,0.335731635,10.00920632,3.837160766,44.1715917,-106.6984222
501,MRCI35,9/4/2012,65.11409602,8870,0.207291756,686.4673752,102.5359031,0.015794825,6.276650705,0.708671485,44.106607,-107.090382
185,MRE0023,9/18/2007,74.09782288,4038,0.300944264,575.9306259,122.3153555,3.114201912,13.4215766,6.658287908,44.5608,-104.257
189,MRE0024,9/25/2007,80.4538,5641,0.348212873,639.1781555,131.8201806,0.761215694,10.9873044,4.007974141,44.211,-104.156
254,MRE0025,10/6/2008,81.23744758,4370,0.319189538,536.8600456,114.3542548,2.812221574,13.00402082,5.684077695,44.2592981,-104.5236872
342,MRE0026,9/22/2009,59.52643453,3550,0.294761073,403.3156822,105.2008912,0.973182064,14.34286312,7.029021038,44.76413,-104.502266
446,MRE0027,6/22/2011,80.08583506,4200,0.270142853,424.6901474,101.4020259,0.692479261,14.44428879,7.012305511,44.296042,-104.652169
448,MRE0028,7/13/2011,72.79236311,4270,0.292939875,522.3746729,102.4984481,1.279157541,13.58781843,6.376850413,44.482938,-104.628644
463,MRE0029,9/21/2011,70.80813138,4420,0.299745099,586.9566321,134.230697,2.098601419,12.9598157,6.382006205,44.589959,-104.521467
451,MRE0030,8/16/2011,67.89755746,3891,0.297835739,600.1407863,126.3778201,1.349840917,13.28657071,6.43903828,44.716973,-104.442311
452,MRE0031,8/16/2011,67.89755746,3895,0.297835739,600.1407863,126.3778201,1.349840917,13.28657071,6.43903828,44.714865,-104.442435
462,MRE0032,9/20/2011,80.4538,5685,0.348212873,639.1781555,131.8201806,0.761215694,10.9873044,4.007974141,44.198533,-104.148098
461,MRE0033,9/19/2011,79.16560116,3760,0.320048396,590.7066442,125.97804,1.415340131,12.47916933,5.496700691,44.493206,-104.109159
447,MRE0034,7/12/2011,64.79817564,3870,0.295345668,560.9595217,111.6089918,0.402126014,14.10703568,6.754935939,44.670495,-104.247717
485,MRE0035,10/4/2012,75,5660,0.3,678.2600758,135.46,0.077719205,11.16830971,5.692914823,44.5053028,-104.4161494
184,MRE1,9/17/2007,75,5720,0.3,695.601867,135.46,0.060819161,11.21396071,5.769583741,44.505,-104.4324111
483,MRE1,10/3/2012,75,5720,0.3,695.601867,135.46,0.060819161,11.21396071,5.769583741,44.505,-104.4324111
188,MRE11,9/25/2007,80.35833456,5420,0.348680627,630.0756632,131.8036748,0.937946672,11.15874568,4.131776039,44.2527778,-104.1783333
195,MRE13,10/30/2007,78.17871565,5020,0.3,672.7236053,135.46,0.326721269,12.16598787,6.13013775,44.4130556,-104.0958333
339,MRE18,9/15/2009,69,4590,0.3,625.3389023,135.46,0.378458356,13.14365639,6.540874683,44.6074667,-104.3907306
186,MRE7,9/18/2007,74.93073288,4830,0.3,650.3262248,135.46,1.6984216,12.10510138,6.351118433,44.5441667,-104.4127778
187,MREI1,9/19/2007,75,5620,0.3,695.601867,135.46,0.060819161,11.21396071,5.769583741,44.5072222,-104.4205556
484,MREI1,10/4/2012,75,5620,0.3,695.601867,135.46,0.060819161,11.21396071,5.769583741,44.5072222,-104.4205556
288,MRW0130,7/27/2009,73.46256746,7120,0.250009458,929.4693081,93.91319207,0.113212745,8.0264884,1.336262311,43.9518917,-110.4138444
1208,MRW0146,8/29/2018,61.91740896,8680,0.12,849.5005499,152.4,0.016676927,6.667975039,0.449660579,42.6069611,-108.8463806
293,MRW0149,8/24/2009,77.91953494,6431,0.24,1043.481841,122.13,0.24345897,8.827609121,2.458553019,42.7261639,-110.8994
298,MRW0154,9/15/2009,65.04803044,8930,0.15946126,714.6180087,111.0524957,0.021970598,6.601310596,0.424330064,43.4512295,-109.9137812
210,MRW0158,8/27/2007,76.64914552,6205,0.200946589,717.3119692,107.5927255,0.11173582,9.121014776,2.328851647,43.483625,-110.76535
200,MRW0160,10/10/2007,67.66257239,7658,0.255711335,420.7244569,130.0879097,0.1758347,9.020111654,1.533639012,43.6148306,-109.8308167
198,MRW0161,10/2/2007,73.98543401,6765,0.185833086,682.346111,103.0534349,2.140045695,10.561305,3.6241539,42.2063778,-110.9396472
266,MRW0165,8/19/2008,70.00271779,6950,0.220664673,717.5658375,92.03397534,0.661200881,7.678707767,0.806977835,43.6122486,-110.4673833
267,MRW0166,9/15/2008,69,8953,0.27,706.3912683,83.82,0.030584757,7.21794743,0.897232858,43.4695777,-110.11525
268,MRW0167,9/30/2008,74.58438948,8300,0.24,915.5186424,122.13,0.283931468,7.845854029,1.785327116,42.4953806,-110.6333333
335,MRW0168,9/8/2009,69.89869795,6355,0.2559252,775.3942795,102.9165279,0.026981773,7.323072131,1.122251983,44.854393,-109.620124
294,MRW0169,8/26/2009,76.18854729,8322,0.23785961,1096.069229,126.7399298,0.221061275,7.867505978,1.68195424,42.681058,-110.7545148
295,MRW0170,8/31/2009,78.44829979,6791,0.238028638,991.749476,97.74564512,0.135714841,8.037691127,1.246082157,44.0863774,-110.6976291
297,MRW0171,9/14/2009,65.01683136,8946,0.149007139,722.5712111,113.7664451,0.02221619,6.469084762,0.417276479,43.4317419,-109.9093299
299,MRW0172,9/16/2009,65.27576318,8830,0.175507323,713.6836978,111.4165896,0.033590127,6.677895802,0.338455306,43.4615642,-109.9592442
302,MRW0174,10/13/2009,79.34400741,5855,0.227128009,740.9340692,128.9108132,0.64677717,10.59527305,3.541442198,42.9344321,-111.0159674
403,MRW0175,8/31/2010,71.10466297,6708,0.206505866,1009.374818,113.1316391,0.042864075,6.273372862,-0.054160348,44.914411,-109.709015
404,MRW0176,9/1/2010,66.12509502,6492,0.223676061,789.6030466,111.4167619,0.022282846,6.319821564,0.575999589,44.400322,-109.674992
405,MRW0177,9/2/2010,68.92016872,7011,0.280851465,783.1396689,105.6673285,0.024143989,7.223507583,1.24183693,44.7197702,-109.6149243
408,MRW0178,9/15/2010,65.92403538,6464,0.174696864,854.7788039,107.7728281,0.031317652,5.771991811,-0.185403536,44.111488,-109.635283
402,MRW0179,8/30/2010,68.74083552,6066,0.266013545,773.0796451,105.2827657,0.02741363,7.709665862,1.571694213,44.760255,-109.447617
353,MRW0180,8/18/2010,67.56255483,7397,0.197454093,796.0331188,90.90608832,0.089706385,7.077592528,0.509530154,43.688575,-109.8142722
363,MRW0181,9/29/2010,69.00826741,7873,0.255352536,907.4496932,114.4588196,0.068827523,6.395807966,0.089851798,43.6869361,-109.9686972
358,MRW0182,9/8/2010,67.24543021,8279,0.210844686,631.6892393,112.4850966,0.121093871,7.252483408,0.666020428,43.5585528,-109.81135
364,MRW0183,9/30/2010,65.6928166,8106,0.1748655,902.3645581,82.88481199,0.041316069,5.874164198,-0.274966283,43.732175,-109.6431806
361,MRW0184,9/16/2010,62.72569071,7818,0.152729062,803.0974161,84.74210156,0.048837324,5.666221441,-0.475501045,43.7591417,-109.5522833
360,MRW0185,9/15/2010,60.36907691,8429,0.199542859,634.5548165,82.05691042,0.066629724,5.724121172,-0.300311208,43.6884056,-109.3638306
345,MRW0186,7/13/2010,56,7829,0.298333333,512.609117,104.3635423,0.06020504,8.343899889,2.062164408,43.8146833,-108.977775
473,MRW0187,8/10/2011,70.7451258,8522,0.27,955.6433801,83.82,0.14312299,6.517498008,0.231851376,43.693463,-110.099008
475,MRW0188,9/21/2011,70.58805031,568,0.178192166,654.2590499,99.98836961,0.365623082,9.24075818,1.909665297,43.318628,-110.706222
976,MRW0194,8/18/2015,72.22397841,7812,0.213071993,766.7470726,113.873964,0.267918427,8.548744727,2.380779463,42.200564,-110.713933
975,MRW0195,8/18/2015,73.80575882,7829,0.229803615,834.3524565,115.7643705,0.657928898,8.083254895,2.18314325,42.236915,-110.737165
980,MRW0196,8/26/2015,64.79960302,8459,0.182141346,699.9624973,94.39938625,0.274284246,7.375305943,0.885750971,43.254963,-110.109418
972,MRW0197,8/12/2015,74.75031941,7772,0.190420943,839.7757783,128.5762893,0.364659292,8.229756277,1.544668027,42.509382,-110.487068
979,MRW0198,8/25/2015,60.363912,9004,0.193697427,836.9553758,152.4,0.02719843,7.098713998,1.066308782,42.983878,-109.714628
974,MRW0199,8/17/2015,74.35629599,7815,0.206536772,787.5091478,114.1991509,0.278877862,8.762534147,2.43370801,42.221753,-110.783165
1197,MRW0200,8/21/2018,59.92223488,8421,0.165838455,767.1950167,152.4,0.023379228,6.67542765,0.329233228,42.619474,-109.281327
983,MRW0200,9/14/2015,59.92223488,8421,0.165838455,767.1950167,152.4,0.023379228,6.67542765,0.329233228,42.619474,-109.281327
1117,MRW0200,8/22/2017,59.92223488,8421,0.165838455,767.1950167,152.4,0.023379228,6.67542765,0.329233228,42.619474,-109.281327
977,MRW0201,8/19/2015,74.84126317,8319,0.24,879.8519417,122.13,0.530956395,7.731135561,1.98288684,42.325922,-110.730222
993,MRW0202,10/7/2015,75.84892932,7508,0.150891199,866.9236428,98.63959525,1.004675196,8.760409251,2.669500936,42.488073,-110.834635
970,MRW0203,8/4/2015,59.98580992,8025,0.208049114,682.1461361,152.1270521,0.05468265,7.853088264,1.268754032,42.576222,-109.23909
1199,MRW0203,8/28/2018,59.98580992,8025,0.208049114,682.1461361,152.1270521,0.05468265,7.853088264,1.268754032,42.576222,-109.23909
1119,MRW0203,8/28/2017,59.98580992,8025,0.208049114,682.1461361,152.1270521,0.05468265,7.853088264,1.268754032,42.576222,-109.23909
1031,MRW0204,9/8/2016,61.79702564,8647,0.12,825.1407189,152.4,0.012795897,6.611205974,0.358060061,42.567525,-109.025567
1021,MRW0205,8/3/2016,61.42652369,7777,0.172002996,555.9353689,147.6599461,0.064883,9.476043546,2.432605345,42.502195,-108.749309
1325,MRW0206,8/20/2019,61.42661562,7813,0.139727408,748.928099,148.882718,0.011949126,7.190331423,0.886084621,42.518734,-109.049354
1030,MRW0206,9/7/2016,61.42661562,7813,0.139727408,748.928099,148.882718,0.011949126,7.190331423,0.886084621,42.518734,-109.049354
1498,MRW0206,8/10/2020,61.42661562,7813,0.139727408,748.928099,148.882718,0.011949126,7.190331423,0.886084621,42.518734,-109.049354
1013,MRW0207,10/13/2016,74.84160855,6557,0.226583269,935.7760034,102.3473973,0.129558123,8.17574264,1.345399753,43.7303,-110.673
1012,MRW0208,10/12/2016,77.35930374,6128,0.195748708,513.0939167,138.3510018,0.054574097,11.45313415,3.6377715,43.4705,-110.80802
1198,MRW0212,8/22/2018,60.44950026,9241,0.137233929,829.8766168,152.4,0.026190531,5.804406175,-0.21685052,42.702025,-109.25346
1115,MRW0212,8/23/2017,60.44950026,9241,0.137233929,829.8766168,152.4,0.026190531,5.804406175,-0.21685052,42.702025,-109.25346
1196,MRW0213,8/20/2018,60.0964638,9070,0.153891268,799.1748281,152.4,0.02460393,6.245365316,0.049686443,42.663325,-109.270731
1116,MRW0213,8/24/2017,60.0964638,9070,0.153891268,799.1748281,152.4,0.02460393,6.245365316,0.049686443,42.663325,-109.270731
1200,MRW0214,8/14/2018,59.91182796,8808,0.168063427,804.7371664,152.4,0.047342488,6.552861738,0.369726789,42.628286,-109.25388
1121,MRW0214,8/16/2017,59.91182796,8808,0.168063427,804.7371664,152.4,0.047342488,6.552861738,0.369726789,42.628286,-109.25388
1122,MRW0215,8/17/2017,60.00640469,8431,0.178198008,746.4161389,152.2066506,0.040396735,7.148855657,0.726953539,42.605535,-109.261475
1201,MRW0215,8/13/2018,60.00640469,8431,0.178198008,746.4161389,152.2066506,0.040396735,7.148855657,0.726953539,42.605535,-109.261475
1120,MRW0216,8/31/2017,60,8709,0.204741366,732.5805064,152.4,0.042791254,7.406072674,1.035046319,42.593236,-109.20647
1195,MRW0216,8/27/2018,60,8709,0.204741366,732.5805064,152.4,0.042791254,7.406072674,1.035046319,42.593236,-109.20647
1499,MRW0226,8/11/2020,61.74286977,8226,0.12,785.9042211,152.4,0.011701737,6.964457198,0.675233001,42.555422,-109.061222
1324,MRW0226,8/20/2019,61.74286977,8226,0.12,785.9042211,152.4,0.011701737,6.964457198,0.675233001,42.555422,-109.061222
1500,MRW0232,8/11/2020,61.45225762,8270,0.132551744,840.2648637,152.4,0.012713871,6.399438386,0.258208007,42.56521,-109.062785
1323,MRW0232,8/20/2019,61.45225762,8270,0.132551744,840.2648637,152.4,0.012713871,6.399438386,0.258208007,42.56521,-109.062785
211,MRW1,8/28/2007,77.8132133,6750,0.202179127,824.0495022,92.52854928,0.311413616,8.793089644,2.577526615,43.4524472,-110.7036278
201,MRW10,8/29/2007,71.0837607,7240,0.15000308,798.5226553,97.79,0.207702446,6.712728401,0.430850643,43.5583333,-110.4055556
296,MRW11,9/1/2009,72.73529412,6390,0.175631845,772.2895187,93.92257558,0.261023839,9.125108483,2.070841703,43.2988889,-110.5178333
824,MRW15,9/25/2014,74.95118906,7110,0.217337195,848.5943264,116.9238642,1.333763284,8.681979159,2.419684592,42.365,-110.8452778
270,MRW17,9/22/2008,65.04432387,7966,0.128577683,783.3787559,137.2016161,0.074716231,5.733753936,-0.560457803,43.3582167,-109.9228028
239,MRW18,8/28/2008,71.56507553,6760,0.219161409,835.0007709,118.8130569,0.024918732,7.023483983,0.789642151,44.5131389,-109.9732806
181,MRW18,9/5/2007,71.56507553,6760,0.219161409,835.0007709,118.8130569,0.024918732,7.023483983,0.789642151,44.5131389,-109.9732806
269,MRW19,9/16/2008,65.33335957,7500,0.135188488,787.1096975,145.1276433,0.037375104,5.415263604,-0.684272852,43.4277778,-109.5583333
825,MRW192,10/7/2014,60.70761114,7848,0.148762274,907.8669737,152.0656575,0.031531629,6.32269639,-0.039954264,43.1196533,-109.9049466
826,MRW193,10/8/2014,74.86565046,7275,0.235878496,871.9311642,121.4350138,1.014152487,8.347561348,2.192113438,42.3726433,-110.7749933
212,MRW20,9/10/2007,62.16728139,9180,0.12,908.7050597,152.4,0.01533101,6.104167705,-0.003318226,42.6161111,-108.8788889
1209,MRW20,9/5/2018,62.16728139,9180,0.12,908.7050597,152.4,0.01533101,6.104167705,-0.003318226,42.6161111,-108.8788889
274,MRW22,10/1/2008,75.09133251,8570,0.24,934.8868845,122.13,0.248071044,7.599971104,1.857891988,42.5211111,-110.6988889
303,MRW25,10/14/2009,75.86073122,7001,0.235006454,926.5721014,120.4336213,1.486413251,8.739758909,2.508137372,42.525,-110.8819444
643,MRW31,9/9/2013,66.24522466,5980,0.238696798,729.6392453,110.2166846,0.021257966,6.994806517,1.080742756,44.4577778,-109.6325
823,MRW35,9/24/2014,74.75412621,7300,0.190504854,743.4023498,128.0043612,0.372639333,8.474533983,2.119551382,42.2886111,-110.4286111
1109,MRW4,9/18/2017,64.15848121,7811,0.135577148,818.9963879,143.3844641,0.135519767,5.831124719,-0.637849506,43.3661111,-109.9805556
1202,MRW4,9/11/2018,64.15848121,7811,0.135577148,818.9963879,143.3844641,0.135519767,5.831124719,-0.637849506,43.3661111,-109.9805556
301,MRW4,10/7/2009,64.15848121,7811,0.135577148,818.9963879,143.3844641,0.135519767,5.831124719,-0.637849506,43.3661111,-109.9805556
644,MRW44,9/10/2013,78.31700928,6640,0.303255124,757.9406921,130.2865757,0.03619765,7.680890846,1.248920228,44.9355556,-110.6241667
183,MRW45,9/11/2007,71.37518013,7120,0.212069572,865.3615367,117.1901298,0.026497806,6.969219095,0.695562445,44.4777667,-110.0355917
645,MRW45,9/11/2013,71.37518013,7120,0.212069572,865.3615367,117.1901298,0.026497806,6.969219095,0.695562445,44.4777667,-110.0355917
240,MRW45,8/29/2008,71.37518013,7120,0.212069572,865.3615367,117.1901298,0.026497806,6.969219095,0.695562445,44.4777667,-110.0355917
1210,MRW47,10/11/2018,62.78416133,5540,0.208347493,591.7196113,125.6904942,0.188949831,9.786884002,2.698023947,42.6914167,-108.6638028
213,MRW48,9/11/2007,62.36903944,7120,0.120706203,846.1221306,152.0647432,0.016985993,6.710974535,0.47814498,42.7297222,-108.8588889
992,MRW5,10/6/2015,75.38832271,7350,0.199467778,926.6967291,112.8674412,1.131896908,8.281577928,2.269130763,42.4772222,-110.8336111
272,MRW5,10/15/2008,75.38832271,7350,0.199467778,926.6967291,112.8674412,1.131896908,8.281577928,2.269130763,42.4772222,-110.8336111
516,MRW50,10/11/2012,64.69054528,7709,0.165464906,728.8047794,122.441088,0.221032979,6.776541331,-0.005286178,43.2572222,-110.0241667
1111,MRW50,9/19/2017,64.69054528,7709,0.165464906,728.8047794,122.441088,0.221032979,6.776541331,-0.005286178,43.2572222,-110.0241667
1203,MRW50,9/13/2018,64.69054528,7709,0.165464906,728.8047794,122.441088,0.221032979,6.776541331,-0.005286178,43.2572222,-110.0241667
639,MRW53,9/23/2013,74.5372082,7920,0.233601918,851.2021032,119.4061928,0.791161746,8.047782508,2.135964002,42.2541667,-110.7297222
511,MRW59,10/2/2012,74.32632873,7880,0.211542834,838.190106,115.7289026,0.668394402,8.204171015,2.014195297,42.2877778,-110.5747222
513,MRW6,10/4/2012,72.98375013,8123,0.19,1042.546762,128.62,0.407321374,7.087518839,0.943489595,42.6616667,-110.4905556
337,MRW60,9/10/2009,66.80685295,6480,0.199851031,833.2582877,114.7190257,0.031050777,5.610445826,0.140880598,44.1605556,-109.6208333
336,MRW61,9/9/2009,66.47383892,6580,0.205347093,840.745409,116.0355651,0.030045309,5.782487099,0.179650984,44.1275,-109.6438889
214,MRW66,9/24/2007,60.06535691,7985,0.201422233,750.6822213,144.2037868,0.016304263,7.205252837,0.792169339,42.5330556,-109.2055556
182,MRW67,9/10/2007,68.68754085,6660,0.21958523,912.670468,116.5576791,0.019130274,6.338928125,0.474092828,44.495,-109.9330556
180,MRW69,9/4/2007,68,6550,0.25,800.1126482,123.37,0.01875487,6.511181111,0.805765722,44.4730556,-109.8963889
640,MRW8,9/24/2013,74.29128882,7760,0.233278306,835.7650234,118.8696906,0.730136644,8.158453826,2.196956688,42.2094444,-110.7322222
271,MRW9,8/18/2008,69.27088698,6900,0.214205201,970.4233921,113.8301702,0.059233991,6.575823118,0.256149734,43.8547222,-110.2383333
338,MRWI27,9/10/2009,65.83255555,6200,0.192748635,797.1984431,110.6674698,0.031017791,6.117044219,0.233662874,44.2072222,-109.5552778
275,MRWI39,10/14/2008,75.84892932,7519,0.150891199,866.9236428,98.63959525,1.004675196,8.760409251,2.669500936,42.4872222,-110.8358333
512,MRWI40,10/3/2012,74.11023035,7175,0.219168075,728.2432223,124.1895978,0.237425482,8.816968474,1.731323115,42.5061111,-110.2777778
1194,MRWI41,8/21/2018,59.86806308,7806,0.19369073,685.8253961,148.1139577,0.033729522,7.635434326,1.01683594,42.5725,-109.2911111
196,MRWI41,9/25/2007,59.86806308,7806,0.19369073,685.8253961,148.1139577,0.033729522,7.635434326,1.01683594,42.5725,-109.2911111
1118,MRWI41,8/25/2017,59.86806308,7806,0.19369073,685.8253961,148.1139577,0.033729522,7.635434326,1.01683594,42.5725,-109.2911111
249,NGP0212,9/22/2008,63.34881688,4897,0.290170864,352.2510353,110.6022678,0.926890538,13.60753495,6.741454763,44.1718527,-106.6986647
258,NGP0213,10/17/2008,64.36600927,4500,0.256535062,440.5626019,104.9055881,0.524626688,11.22344765,4.794538037,44.0695202,-106.608766
255,NGP0214,10/7/2008,43.05131892,4439,0.290163927,390.1251567,138.6759736,0.299826121,14.31571592,7.356849695,44.2675014,-105.4766625
260,NGP0215,10/28/2008,61.77001473,4081,0.280906374,335.2358414,89.1198393,0.642318262,13.91663219,6.834984309,44.0008653,-106.1777081
215,NGP0216,6/12/2008,42.94354963,4090,0.279811999,337.5225331,85.07875506,0.842133947,15.58693207,7.854758052,43.200361,-104.718144
420,NGP0217,6/7/2011,61.3191598,4000,0.270092745,331.781196,88.53118901,0.861768196,15.18947218,7.639283111,43.5883953,-104.598507
421,NGP0218,6/8/2011,47.675626,4360,0.307511752,328.653142,115.3530596,1.254523822,14.83550016,7.437510869,43.7365342,-105.0161266
422,NGP0219,6/9/2011,38.54690258,4260,0.269155656,336.6232297,83.63269071,1.404689258,15.73681661,8.029894158,43.2877119,-104.8144942
423,NGP0220,6/13/2011,44.76650537,4280,0.281431387,339.2875332,80.20234322,0.883806352,15.66114456,7.87235308,43.1307142,-104.8861258
425,NGP0221,6/15/2011,43.43991575,4350,0.279273615,331.9475186,102.0619724,0.62191051,14.68524409,7.230382976,43.4451039,-105.0907534
426,NGP0223,6/16/2011,43.58598775,3960,0.279730553,347.8276792,87.99389357,0.765034983,15.64850946,7.920471832,43.2736332,-104.5624173
428,NGP0224,6/22/2011,46.62386594,3830,0.276813648,327.6420542,102.4974749,0.835272553,15.07016344,7.53515692,43.430018,-104.5091568
427,NGP0225,6/21/2011,46.62386594,3820,0.276813648,327.6420542,102.4974749,0.835272553,15.07016344,7.53515692,43.4280802,-104.4952016
419,NGP0226,6/6/2011,69.38806784,4060,0.28641081,374.0645683,93.76880815,0.595006353,14.82090409,7.336937019,43.98319,-104.5192401
431,NGP0227,7/6/2011,70.08743926,4030,0.281536315,379.0550054,94.37663846,0.628744146,14.84451618,7.363826879,43.9373526,-104.4794361
430,NGP0228,7/6/2011,69.87608123,3960,0.280861661,376.4813876,93.3559413,0.606215024,14.92379796,7.448513041,43.8729455,-104.455274
432,NGP0229,7/7/2011,78.14351087,3750,0.311723225,532.4744793,118.1847706,1.089372514,12.89680149,5.836892748,43.6139849,-104.134735
438,NGP0230,8/2/2011,65.53750217,5380,0.266184502,319.1647902,77.0118154,1.823563776,13.28839262,6.740252522,43.4215232,-106.7854791
434,NGP0231,7/27/2011,66.02386631,4910,0.269965293,312.8991686,83.26974627,1.649544851,13.70315803,6.911139102,43.4828322,-106.6753833
435,NGP0232,7/27/2011,66.02386631,4880,0.269965293,312.8991686,83.26974627,1.649544851,13.70315803,6.911139102,43.49286,-106.6619664
436,NGP0233,7/28/2011,59.37990803,4750,0.272615567,289.7031401,105.0521998,0.722529464,14.18177969,7.062278555,43.6559266,-106.5400258
437,NGP0234,8/1/2011,54.62065718,4820,0.265800534,341.5555798,79.51612782,0.741551345,14.65217941,7.255061475,43.4053421,-106.2762397
440,NGP0235,8/3/2011,57.2774921,4640,0.272486148,330.0202872,81.45585058,0.646735488,14.89271603,7.395198349,43.5422694,-106.3301664
439,NGP0236,8/3/2011,61.27351828,4680,0.288500519,350.187817,82.56209792,0.877107867,14.78962133,7.346257893,43.5923686,-106.301877
444,NGP0237,9/28/2011,63.16058939,4890,0.273575895,343.470335,93.79237726,0.732350184,13.10475732,6.368290396,43.6904873,-106.3392911
442,NGP0238,9/26/2011,62.14079579,4310,0.274817765,337.5492427,90.71316327,0.706515956,13.66490381,6.688597108,43.7543792,-106.2538122
467,NGP0239,9/29/2011,65.89857699,3720,0.273065741,609.3679807,94.62641036,0.331477454,9.940522862,3.588322361,44.907206,-107.133829
466,NGP0240,9/28/2011,63.42396201,3600,0.273411291,568.1619182,102.5122749,0.385778438,11.15045887,4.504205527,44.911152,-106.974109
472,NGP0241,10/26/2011,60.01195496,3850,0.285199015,333.371076,88.26072863,0.589216208,14.08352945,6.944763694,44.323649,-106.14394
471,NGP0242,10/25/2011,59.30043721,3640,0.287226294,338.2022676,89.32473265,0.545469698,14.09514136,6.936008356,44.644162,-106.128304
459,NGP0243,9/12/2011,64.21484874,4950,0.217480158,527.3875531,101.2860147,0.164967753,8.973811401,3.001606629,44.176291,-106.711938
460,NGP0244,9/13/2011,64.19810431,4700,0.254606447,440.1680917,105.391694,0.500794231,11.30661016,4.830613223,44.094,-106.678171
469,NGP0245,10/12/2011,65.02028267,4500,0.272548717,415.3992445,100.1174201,0.563758387,12.11608608,5.454030927,44.065303,-106.574609
470,NGP0246,10/13/2011,59.87551364,3780,0.293701439,363.6088611,97.00966439,0.42080495,13.73582087,6.604497079,44.488143,-106.182246
468,NGP0247,10/3/2011,61.7131939,5160,0.181756528,675.1849191,99.48912524,0.053006316,7.92045848,1.78028314,44.447626,-106.860856
464,NGP0248,9/26/2011,62.03303708,4120,0.234477272,514.8330852,109.213398,0.159581072,10.80424069,4.32539666,44.524966,-106.548961
449,NGP0249,8/10/2011,58.62135876,3960,0.270217051,423.2407396,76.74151092,0.990166555,14.5522319,7.24778146,44.723003,-105.017862
450,NGP0250,8/15/2011,58.65610181,3870,0.270030564,423.1385182,77.51013841,0.983497344,14.55449652,7.248244374,44.73213,-104.989305
453,NGP0251,8/17/2011,45.05478109,4680,0.320465086,332.8149051,106.018616,0.318660834,14.31617606,7.079386229,43.909436,-105.533126
454,NGP0252,8/17/2011,45.05478109,4660,0.320465086,332.8149051,106.018616,0.318660834,14.31617606,7.079386229,43.909687,-105.535766
445,NGP0253,6/21/2011,57.92446828,4400,0.29484121,360.4548289,95.18174365,1.460212705,14.51585372,7.251107037,44.036722,-105.058342
1039,NGP0257,8/2/2016,51.80879707,5280,0.249307412,536.3870564,81.97883105,0.078129297,11.18092414,4.718352001,42.76918,-105.979982
1036,NGP0258,7/12/2016,51.19117175,5118,0.261210355,488.32902,87.54641242,0.212606291,12.04299977,5.378404486,42.835544,-105.875061
1038,NGP0259,8/1/2016,49.69846887,5260,0.254453873,431.5901977,108.3604483,0.105587325,14.09907218,6.934060614,42.501388,-105.430455
1046,NGP0260,10/10/2016,53.95066239,4823,0.271810998,418.3161673,116.3579516,0.399030116,12.24629396,5.162416302,42.847787,-105.46397
256,NGP1,10/7/2008,43.43278736,4090,0.305109598,369.953369,123.0601477,0.848295822,14.56905729,7.420022414,44.4388889,-105.4591667
251,NGP15,9/23/2008,64.8484624,4840,0.263151923,437.4630249,103.7035148,0.368783969,10.85520345,4.585911516,44.1273417,-106.7116972
220,NGP187,8/14/2008,59.63507634,4280,0.252724981,440.8758259,116.5452958,0.117366554,14.88400831,7.618952867,42.9269417,-104.226775
253,NGP23,9/25/2008,64.23546309,4670,0.262891419,426.4218886,105.2728053,0.642698493,11.71143232,5.142260393,44.0865639,-106.6715111
341,NGP3,9/21/2009,59.52643453,3640,0.294761073,403.3156822,105.2008912,0.973182064,14.34286312,7.029021038,44.7527778,-104.4905556
252,NGP43,9/24/2008,64.23838316,4770,0.253843523,445.8599775,105.1959142,0.49388266,11.14513325,4.715386636,44.1237194,-106.6989583
153,SR0054,7/24/2007,49.84661208,7300,0.233828213,574.3693228,59.316883,0.053378028,9.45441206,2.840460443,42.442161,-106.012294
160,SR0055,9/10/2007,54.14974556,6435,0.270532689,431.2333932,120.1744472,0.186075595,11.43128829,4.294631007,41.9261628,-105.4163681
225,SR0056,9/8/2008,58.10865193,7590,0.256339719,632.0232133,118.4511566,0.110930724,9.285333537,2.266417632,41.0466166,-106.0332407
226,SR0057,9/15/2008,61,8320,0.276368323,636.2373487,109.3256311,0.046232543,11.28946608,4.303044443,41.2778394,-106.9854526
227,SR0058,9/16/2008,61,8380,0.267158249,831.1847824,112.4875213,0.019026748,9.527624437,3.340847753,41.2776667,-107.116686
304,SR0059,6/29/2009,55.49281171,7750,0.240750819,515.3811112,59.44616236,0.030499266,11.79977271,5.207370714,41.263834,-105.3196521
322,SR0059,9/21/2009,55.49281171,7750,0.240750819,515.3811112,59.44616236,0.030499266,11.79977271,5.207370714,41.263834,-105.3196521
305,SR0060,7/20/2009,53.04393441,7700,0.271782078,888.6405834,113.4177198,0.046850954,7.721056012,1.282994031,41.5932825,-106.209321
376,SR0060,7/29/2010,53.04393441,7700,0.271782078,888.6405834,113.4177198,0.046850954,7.721056012,1.282994031,41.5932825,-106.209321
311,SR0061,8/13/2009,56,8800,0.264835522,932.5735941,116.4717501,0.153658438,8.442234943,1.977993432,41.343857,-106.4699854
316,SR0062,9/2/2009,54.14974556,6200,0.270532689,431.2333932,120.1744472,0.186075595,11.43128829,4.294631007,41.9330929,-105.3708433
317,SR0063,9/3/2009,52.64470048,6480,0.265176097,423.6806228,103.1188856,0.240100686,11.5085634,4.580700205,42.163609,-105.4798305
323,SR0064,9/28/2009,50,7720,0.22,683.0947464,50,0.031985975,9.055099391,2.753908378,42.4906406,-105.8095211
324,SR0065,9/29/2009,49.64558732,7050,0.228153993,606.516904,69.01271272,0.045287762,11.02519489,4.575544629,42.530822,-105.7501611
325,SR0066,9/30/2009,48.54461047,5360,0.239578064,551.6698421,79.551775,0.094914121,11.58815675,5.04163015,42.5429183,-105.5241305
388,SR0067,10/4/2010,50.79898879,7080,0.235286336,559.3538828,71.15402509,0.031743553,10.09872532,3.734732604,42.5671572,-106.0310734
385,SR0068,9/20/2010,56.8443647,7230,0.245800232,651.3336326,132.0674949,0.328990412,9.970046817,2.530028372,41.213489,-106.5511207
378,SR0069,8/17/2010,55.70006424,7410,0.273193361,617.5190367,120.5961563,0.302932948,10.65984749,3.674169037,41.5813595,-106.5653737
480,SR0070,9/25/2012,60.43458667,9740,0.265227911,914.2187187,112.2410671,0.070274675,10.36816331,3.57067069,41.0995231,-107.0222624
481,SR0071,9/25/2012,60.43458667,9640,0.265227911,914.2187187,112.2410671,0.070274675,10.36816331,3.57067069,41.0984841,-107.0243973
482,SR0072,9/26/2012,60.43458667,8770,0.265227911,914.2187187,112.2410671,0.070274675,10.36816331,3.57067069,41.0892123,-107.0500038
479,SR0075,9/25/2012,60.43458667,9980,0.265227911,914.2187187,112.2410671,0.070274675,10.36816331,3.57067069,41.1034,-107.016038
654,SR0078,8/27/2013,61.53790346,7200,0.285959629,603.1207611,78.26781433,0.54398311,11.67126678,5.252197843,41.4172168,-107.4387308
952,SR0079,8/20/2015,60.08906449,7170,0.268882108,1046.999538,111.6127702,0.187661981,9.767483425,3.161126751,41.0793268,-107.1884143
961,SR0080,9/21/2015,60.08016593,7000,0.268625719,1012.275302,111.2401044,0.242246414,9.957204884,3.301680284,41.0692868,-107.2175426
964,SR0082,9/23/2015,61.2230498,7180,0.283641289,611.5523885,84.95210232,0.560242792,11.59748963,5.123615477,41.4447035,-107.4534058
960,SR0083,9/16/2015,62.83124053,8910,0.282111929,1295.248612,112.9867915,0.016039001,8.083413643,1.81553774,41.0696085,-106.928816
1008,SR0084,9/14/2016,58.05903197,7700,0.248721554,983.1122404,119.3418161,0.046595051,9.207829531,2.36603867,41.0596118,-106.5096761
1009,SR0085,9/14/2016,58.05903197,7670,0.248721554,983.1122404,119.3418161,0.046595051,9.207829531,2.36603867,41.0642834,-106.5026494
995,SR0086,8/15/2016,55.679794,8290,0.25,461.0248758,119.73,0.05271326,9.280784877,2.218748997,41.1107534,-106.0781279
1004,SR0087,8/31/2016,56.00984572,5870,0.24,412.5413104,80.15,0.066612418,13.31715879,6.52022689,41.8707899,-105.3284079
1050,SR0088,7/28/2016,56.30003188,6650,0.286677996,485.2996103,69.98576972,0.060469246,12.31357348,5.631891215,41.3322383,-105.1257947
999,SR0089,8/18/2016,54.75017506,8870,0.254341146,901.1014874,117.9427998,0.031311231,6.970507162,0.591223324,41.339045,-106.1688095
1000,SR0090,8/24/2016,57.05793189,6410,0.353712984,414.0972262,138.5645659,0.102430001,14.04980774,7.126495198,41.5595066,-105.075843
1006,SR0091,9/12/2016,53.83150627,8925,0.257053692,844.4055522,120.4905602,0.02522515,7.442473342,0.978386528,41.339385,-106.1599895
1007,SR0092,9/13/2016,61.00166811,7940,0.273443651,1071.019417,113.9577988,0.025107743,9.240849999,2.605409692,41.144555,-106.847892
1002,SR0093,8/29/2016,52.64470048,6400,0.265176097,423.6806228,103.1188856,0.240100686,11.5085634,4.580700205,42.1592316,-105.4894363
1035,SR0094,9/21/2016,56.84794025,7150,0.246065966,649.8161743,131.8572186,0.326649522,9.985951674,2.545225064,41.25627,-106.585517
1005,SR0095,9/1/2016,54.44612649,6455,0.236374269,408.2585858,73.57359226,0.113634156,12.40246049,5.674287949,41.7298663,-105.4553696
1001,SR0096,8/25/2016,57.13917624,6065,0.237129132,423.2836342,84.37751972,0.129458134,13.39405418,6.50010147,41.6105033,-105.1514097
1029,SR0097,8/24/2016,54.68477487,8830,0.262214133,919.9763391,116.0209551,0.120887348,8.128184338,1.616718809,41.505847,-106.337363
1028,SR0098,8/24/2016,55.59826802,9177,0.269476736,1041.381249,113.6195688,0.030640786,6.81305612,0.500456673,41.461348,-106.361683
1027,SR0099,8/23/2016,55.55800967,9649,0.271399817,1065.65183,112.5584431,0.066046023,6.633413136,0.370244766,41.422582,-106.381601
1043,SR0100,8/22/2016,51.59278802,6420,0.273505965,459.2432333,135.2375317,0.086361771,11.23357126,4.51450516,42.529843,-106.319255
1041,SR0101,8/10/2016,49,6240,0.258644121,494.8837672,99.47414728,0.084142092,12.35588694,5.785174311,42.579569,-105.710794
1037,SR0102,7/13/2016,50.13110372,6660,0.230006274,535.0826067,69.43401686,0.050235684,11.67899053,5.134106745,42.644525,-105.887943
1193,SR0104,8/16/2018,60.28988462,8800,0.281634424,1373.271583,111.2191299,0.032475133,8.328928855,1.970823214,41.14734,-107.03248
1100,SR0104,8/28/2017,60.28988462,8800,0.281634424,1373.271583,111.2191299,0.032475133,8.328928855,1.970823214,41.14734,-107.03248
1103,sr0105,8/31/2017,59.88244678,8110,0.274194357,1318.915794,113.2928935,0.030122355,8.611541412,2.235825639,41.11642,-107.08294
1192,sr0105,8/15/2018,59.88244678,8110,0.274194357,1318.915794,113.2928935,0.030122355,8.611541412,2.235825639,41.11642,-107.08294
1102,SR0106,8/30/2017,59.904947,7230,0.27236773,1137.383439,111.072196,0.095889934,9.483861715,2.915164468,41.07935,-107.16546
1189,SR0106,8/14/2018,59.904947,7230,0.27236773,1137.383439,111.072196,0.095889934,9.483861715,2.915164468,41.07935,-107.16546
1101,SR0107,8/29/2017,60.08906449,7190,0.268882108,1046.999538,111.6127702,0.187661981,9.767483425,3.161126751,41.08116,-107.18238
1188,SR0107,8/13/2018,60.08906449,7190,0.268882108,1046.999538,111.6127702,0.187661981,9.767483425,3.161126751,41.08116,-107.18238
1104,SR0108,8/31/2017,59.63452261,8110,0.282808819,1299.907402,109.7041591,0.027512528,8.691891582,2.331093636,41.11689,-107.08067
1191,SR0108,8/15/2018,59.63452261,8110,0.282808819,1299.907402,109.7041591,0.027512528,8.691891582,2.331093636,41.11689,-107.08067
828,SR1,8/26/2014,60.87664196,8370,0.239903048,1294.275523,121.1345296,0.080501385,8.07446789,1.484820486,41.0059735,-106.8158277
827,SR10,8/25/2014,61,7440,0.258678839,711.3911159,120.1107693,0.138812348,10.9717692,4.420491606,41.259277,-107.233747
231,SR11,9/24/2008,60.97292216,7865,0.283603505,1175.655688,110.0205913,0.017840132,8.707774259,2.325925809,41.263311,-106.955825
167,SR12,9/27/2007,56.84641547,7380,0.242134395,625.5908094,135.1530002,0.38265021,9.985089889,2.466832453,41.1396706,-106.4465336
831,SR14,9/18/2014,57.98952833,7530,0.257378383,619.7191546,118.9702629,0.109166514,9.366500471,2.331937152,41.0797222,-106.0119444
653,SR17,8/26/2013,61.02781704,7760,0.252283033,707.3784995,116.5775083,0.093916277,10.34817771,3.830798595,41.1908333,-107.2244444
232,SR19,10/15/2008,51.15053526,6615,0.235049748,589.6786827,73.00085712,0.029683657,10.53504582,4.105103993,42.4069444,-105.6241667
320,SR2,9/16/2009,54.15383323,8586,0.255812987,845.7904903,118.7317717,0.027538384,7.415326719,0.951972452,41.3291667,-106.1613889
157,SR23,8/28/2007,60.66097872,7240,0.254240659,1063.445942,115.3913262,0.041277195,9.25422964,2.514139714,41.183014,-106.794406
830,SR24,9/10/2014,56.85132423,7122,0.246200907,649.2039459,131.6967119,0.324955678,9.994058925,2.55415416,41.2604067,-106.5747477
164,SR28,9/20/2007,54.28437825,9430,0.25,928.4183804,119.73,0.033879668,7.848447436,1.317900577,41.2139083,-106.2705667
163,SR29,9/19/2007,54.28437825,9640,0.25,928.4183804,119.73,0.033879668,7.848447436,1.317900577,41.213,-106.291925
319,SR3,9/15/2009,53.15954092,7835,0.272090047,904.3113316,113.4244762,0.047246586,7.590633441,1.161645086,41.5767389,-106.2297361
829,SR4,8/26/2014,61.12909285,8395,0.297688367,1331.301653,106.8687594,0.030398173,8.048514341,1.679978333,41.1597651,-106.8915577
390,SR6,10/6/2010,55.33126563,8282,0.265172908,973.5224357,114.8915203,0.0388451,7.452017913,1.033033902,41.5255556,-106.3911111
159,SR8,9/6/2007,55.2111237,8017,0.261483391,1005.828158,116.6371861,0.046900159,7.759767133,1.223301778,41.242669,-106.454775
166,SRI11,9/26/2007,54.32340727,7640,0.252213411,654.2760517,118.8292696,0.041532971,9.167267267,2.156989145,41.1313157,-106.4256477
165,SRI14,9/25/2007,54.22541676,8240,0.25265897,707.6084518,119.1408669,0.043481654,8.757716993,1.832962314,41.0755951,-106.3029144
318,SRI2,9/14/2009,52.10569893,7655,0.267117651,610.7712509,120.2002324,2.187491236,10.28582986,3.558734306,41.6130556,-106.3094444
230,SRI3,9/17/2008,60.62136096,9400,0.277388819,1205.581987,112.3000589,0.042765701,8.212661007,2.026769638,41.1830556,-107.0769444
229,SRI4,9/17/2008,60.62136096,8460,0.277388819,1205.581987,112.3000589,0.042765701,8.212661007,2.026769638,41.1516667,-107.1180556
1105,SRI8,9/7/2017,59.71318812,8760,0.254475248,1140.485613,118.6107731,0.043721926,9.210085111,2.816865998,41.1422222,-107.0744444
1190,SRI8,8/14/2018,59.71318812,8760,0.254475248,1140.485613,118.6107731,0.043721926,9.210085111,2.816865998,41.1422222,-107.0744444
228,SRI9,9/16/2008,60.3733256,7310,0.263930032,1010.625829,114.2877217,0.120993805,9.659605638,3.125190041,41.0952778,-107.1563889
264,WB0206,10/20/2008,73.68681606,7054,0.226312445,689.397396,122.1367294,0.219584881,9.014652764,1.784782605,42.509525,-110.1950389
191,WB0230,10/9/2007,64.55709862,4441,0.287186345,240.0266749,99.77243381,0.338283787,14.28998453,6.96112498,44.499,-108.442
285,WB0239,6/23/2009,63.45252722,7362,0.28,384.2610248,128.0962558,0.196307266,10.78216074,3.985871444,42.4444611,-108.5849778
273,WB0279,7/22/2008,55.8508846,6409,0.286648929,326.7300299,85.93794039,0.40088828,12.73043938,5.727011043,41.0105067,-109.4096497
276,WB0280,7/23/2008,56.01190476,7300,0.283960084,411.4893589,119.8731398,0.767181031,10.98491841,4.037667973,41.0682861,-109.0649806
148,WB0281,7/16/2007,50.56762337,6580,0.285657086,367.2595656,108.1722514,0.62477292,11.80865312,4.385445371,41.9611015,-106.2092832
216,WB0282,7/14/2008,50.70979865,6810,0.285361653,376.4975054,113.994302,0.2580484,11.34926263,4.015332257,42.176047,-106.074458
149,WB0282,7/16/2007,50.70979865,6810,0.285361653,376.4975054,113.994302,0.2580484,11.34926263,4.015332257,42.176047,-106.074458
150,WB0283,7/17/2007,50.44946656,6920,0.273948615,406.4682793,109.48581,0.185125474,10.88329515,3.579055841,42.306883,-106.162656
217,WB0283,7/15/2008,50.44946656,6920,0.273948615,406.4682793,109.48581,0.185125474,10.88329515,3.579055841,42.306883,-106.162656
218,WB0284,7/16/2008,50.25699761,7010,0.264121305,447.9742816,98.85744127,0.196532099,10.51630945,3.322137752,42.363786,-106.130069
151,WB0284,7/18/2007,50.25699761,7010,0.264121305,447.9742816,98.85744127,0.196532099,10.51630945,3.322137752,42.363786,-106.130069
219,WB0285,7/17/2008,50.21386857,7040,0.261190572,461.0471597,94.39439874,0.191341731,10.42712159,3.274214805,42.380617,-106.089111
152,WB0285,7/23/2007,50.21386857,7040,0.261190572,461.0471597,94.39439874,0.191341731,10.42712159,3.274214805,42.380617,-106.089111
158,WB0286,8/29/2007,61.28810764,7380,0.280760004,556.3181003,100.5534096,0.168414951,11.78051335,4.797408778,41.390958,-107.076678
161,WB0287,9/11/2007,50.5688982,6800,0.281439816,522.0734575,88.23714119,0.149668875,10.96789407,4.58168332,42.239104,-106.6992402
177,WB0288,8/23/2007,66.07757116,4950,0.27261798,543.6147456,83.21196047,0.186449685,9.171123841,3.645959988,44.010316,-107.324163
176,WB0289,8/23/2007,66.07757116,4945,0.27261798,543.6147456,83.21196047,0.186449685,9.171123841,3.645959988,44.011725,-107.32575
175,WB0290,8/22/2007,65.94685332,4940,0.278175139,526.7212997,83.5727785,0.225493812,9.704546371,4.0890536,44.01854,-107.332281
259,WB0292,10/23/2008,69,4818,0.27502026,277.5274557,119.5526178,0.122917685,13.71933087,6.686212437,44.701114,-108.980086
194,WB0292,10/24/2007,69,4818,0.27502026,277.5274557,119.5526178,0.122917685,13.71933087,6.686212437,44.701114,-108.980086
203,WB0294,7/16/2007,56.90116722,7970,0.292036822,514.9705041,141.9345285,0.02,10.9517776,3.381901262,41.1447361,-110.5678583
204,WB0295,7/18/2007,61.07467101,7215,0.220500084,522.8312481,140.1168486,0.06318439,8.915283022,1.197163488,42.881397,-109.9577916
202,WB0296,9/18/2007,69.70213683,6736,0.268241661,535.5119483,112.9298455,0.4573771,10.17539896,3.134602459,41.7621444,-110.4205583
241,WB0297,9/3/2008,63.52446091,5276,0.297502507,282.2093698,89.27964743,0.604663228,13.47580315,6.673944638,44.4403457,-109.0842704
205,WB0298,7/24/2007,62.32594436,5319,0.312412035,302.8917757,112.7349002,0.414231903,13.28536665,6.154502705,42.7971444,-108.3437306
291,WB0301,8/6/2009,63.64840534,5730,0.329512413,345.219005,106.4821144,0.777764243,12.35309975,5.35326599,42.6986556,-108.4917083
207,WB0301,8/14/2007,63.64840534,5730,0.329512413,345.219005,106.4821144,0.777764243,12.35309975,5.35326599,42.6986556,-108.4917083
1106,WB0302,11/6/2017,66.52060407,4822,0.244908868,652.9561347,111.6997948,0.164379248,8.300887143,2.115008197,44.529062,-109.083387
1215,WB0302,8/2/2018,66.52060407,4822,0.244908868,652.9561347,111.6997948,0.164379248,8.300887143,2.115008197,44.529062,-109.083387
1317,WB0302,9/17/2019,66.52060407,4822,0.244908868,652.9561347,111.6997948,0.164379248,8.300887143,2.115008197,44.529062,-109.083387
487,WB0302,8/6/2012,66.52060407,4822,0.244908868,652.9561347,111.6997948,0.164379248,8.300887143,2.115008197,44.529062,-109.083387
234,WB0302,8/20/2008,66.52060407,4822,0.244908868,652.9561347,111.6997948,0.164379248,8.300887143,2.115008197,44.529062,-109.083387
328,WB0302,8/17/2009,66.52060407,4822,0.244908868,652.9561347,111.6997948,0.164379248,8.300887143,2.115008197,44.529062,-109.083387
329,WB0303,8/18/2009,66.52358432,4811,0.245261129,649.9410514,111.6987541,0.169464897,8.342428998,2.151306196,44.538117,-109.060205
235,WB0303,8/21/2008,66.52358432,4811,0.245261129,649.9410514,111.6987541,0.169464897,8.342428998,2.151306196,44.538117,-109.060205
330,WB0307,8/18/2009,66.46263168,4573,0.249915885,610.8997844,110.8546641,0.220034204,8.899244366,2.624997781,44.5925053,-108.9478809
1218,WB0307,8/6/2018,66.46263168,4573,0.249915885,610.8997844,110.8546641,0.220034204,8.899244366,2.624997781,44.5925053,-108.9478809
238,WB0307,8/27/2008,66.46263168,4573,0.249915885,610.8997844,110.8546641,0.220034204,8.899244366,2.624997781,44.5925053,-108.9478809
488,WB0307,8/7/2012,66.46263168,4573,0.249915885,610.8997844,110.8546641,0.220034204,8.899244366,2.624997781,44.5925053,-108.9478809
1316,WB0307,9/17/2019,66.46263168,4573,0.249915885,610.8997844,110.8546641,0.220034204,8.899244366,2.624997781,44.5925053,-108.9478809
1108,WB0307,11/7/2017,66.46263168,4573,0.249915885,610.8997844,110.8546641,0.220034204,8.899244366,2.624997781,44.5925053,-108.9478809
331,WB0309,8/18/2009,66.47747188,4534,0.250223062,607.515054,111.0224926,0.219819999,8.9496826,2.666944722,44.6402046,-108.9402083
236,WB0309,8/21/2008,66.47747188,4534,0.250223062,607.515054,111.0224926,0.219819999,8.9496826,2.666944722,44.6402046,-108.9402083
489,WB0311,8/7/2012,66.52251144,4460,0.250817121,600.5990723,111.3797426,0.219419954,9.050443801,2.750621722,44.6764249,-108.9129976
237,WB0311,8/21/2008,66.52251144,4460,0.250817121,600.5990723,111.3797426,0.219419954,9.050443801,2.750621722,44.6764249,-108.9129976
1217,WB0311,8/2/2018,66.52251144,4460,0.250817121,600.5990723,111.3797426,0.219419954,9.050443801,2.750621722,44.6764249,-108.9129976
1107,WB0311,11/6/2017,66.52251144,4460,0.250817121,600.5990723,111.3797426,0.219419954,9.050443801,2.750621722,44.6764249,-108.9129976
332,WB0311,8/18/2009,66.52251144,4460,0.250817121,600.5990723,111.3797426,0.219419954,9.050443801,2.750621722,44.6764249,-108.9129976
615,WB0311,8/5/2013,66.52251144,4460,0.250817121,600.5990723,111.3797426,0.219419954,9.050443801,2.750621722,44.6764249,-108.9129976
1315,WB0311,9/17/2019,66.52251144,4460,0.250817121,600.5990723,111.3797426,0.219419954,9.050443801,2.750621722,44.6764249,-108.9129976
265,WB0312,8/12/2008,56.39707878,5860,0.3,393.2029244,90.80046407,0.818287708,12.25283983,5.344607453,43.9684556,-108.7629972
261,WB0313,9/8/2008,56.40595202,6010,0.278269627,314.435083,89.65193604,1.969456125,12.42652757,5.382910124,41.2569666,-109.533333
306,WB0314,7/21/2009,51.75291302,6920,0.285067414,698.8701635,124.565417,0.223887787,9.533739336,2.816026029,41.721387,-106.0227943
375,WB0314,7/29/2010,51.75291302,6920,0.285067414,698.8701635,124.565417,0.223887787,9.533739336,2.816026029,41.721387,-106.0227943
374,WB0315,7/28/2010,50.37591719,6740,0.28840119,531.56,126.3593327,0.475175777,11.05819082,4.060189079,41.7969363,-105.9274213
307,WB0315,7/22/2009,50.37591719,6740,0.28840119,531.56,126.3593327,0.475175777,11.05819082,4.060189079,41.7969363,-105.9274213
373,WB0316,7/27/2010,50.31837903,6640,0.2854958,442.066954,120.3560138,0.672349584,11.74883245,4.600179753,41.9010935,-105.9594321
308,WB0316,7/23/2009,50.31837903,6640,0.2854958,442.066954,120.3560138,0.672349584,11.74883245,4.600179753,41.9010935,-105.9594321
309,WB0317,7/24/2009,50.29079127,6580,0.285875087,438.5686848,119.7881246,0.689186092,11.79626414,4.632361397,41.9264814,-106.0517951
372,WB0317,7/26/2010,50.29079127,6580,0.285875087,438.5686848,119.7881246,0.689186092,11.79626414,4.632361397,41.9264814,-106.0517951
310,WB0318,8/12/2009,52.82714399,6085,0.252676579,342.053607,112.0578842,0.084127734,12.713635,6.157891142,42.3152096,-107.0528682
315,WB0321,8/28/2009,56.98050426,7135,0.262075893,478.1774945,115.4640098,0.150341441,10.91792402,3.752037448,41.2962008,-105.6118405
383,WB0321,9/2/2010,56.98050426,7135,0.262075893,478.1774945,115.4640098,0.150341441,10.91792402,3.752037448,41.2962008,-105.6118405
382,WB0322,9/1/2010,56.75379731,7130,0.262717519,469.8502945,115.2194738,0.145265598,11.01543047,3.852500884,41.3091453,-105.6054093
314,WB0322,8/27/2009,56.75379731,7130,0.262717519,469.8502945,115.2194738,0.145265598,11.01543047,3.852500884,41.3091453,-105.6054093
381,WB0323,8/31/2010,56.75379731,7125,0.262717519,469.8502945,115.2194738,0.145265598,11.01543047,3.852500884,41.3378208,-105.5961024
313,WB0323,8/26/2009,56.75379731,7125,0.262717519,469.8502945,115.2194738,0.145265598,11.01543047,3.852500884,41.3378208,-105.5961024
312,WB0324,8/25/2009,56.62904597,7120,0.263078863,465.0327301,115.2075057,0.14431266,11.06766372,3.902337601,41.3740828,-105.5897791
380,WB0324,8/30/2010,56.62904597,7120,0.263078863,465.0327301,115.2075057,0.14431266,11.06766372,3.902337601,41.3740828,-105.5897791
321,WB0325,9/17/2009,52.81680513,6890,0.28066683,555.6704071,110.0862846,0.576849818,10.89382722,3.993217708,41.7209614,-106.2562267
344,WB0326,10/22/2009,67.56916301,4070,0.332124394,194.2079292,100.1242928,0.204293646,15.01332944,7.461594326,44.730025,-108.583858
340,WB0327,9/17/2009,67.47618726,4690,0.270924259,419.1264591,75.84072918,0.788557879,11.00965705,5.141520228,43.685289,-106.698133
327,WB0328,8/17/2009,66.57666008,4818,0.243333991,664.5708348,112.0901702,0.138732805,8.134059536,1.968187414,44.5239071,-109.085503
284,WB0329,6/22/2009,63.94894122,7204,0.28,380.760068,125.7242193,0.179999043,10.98656644,4.377047393,42.4366412,-108.5151287
286,WB0330,6/24/2009,63.60846764,7197,0.28,381.2144215,126.0773856,0.181183768,10.86605964,4.100826342,42.4344639,-108.5135816
300,WB0332,9/22/2009,64.78843727,5611,0.30039696,524.1936233,104.2129934,0.490886822,10.52829069,3.540305164,42.8467833,-108.7985898
401,WB0334,8/26/2010,54.04078416,4315,0.319236624,347.6207968,86.16150831,1.672962508,15.02557873,8.063352435,44.134624,-107.538645
398,WB0335,8/17/2010,66.07757116,4568,0.27261798,543.6147456,83.21196047,0.186449685,9.171123841,3.645959988,44.010211,-107.324408
399,WB0336,8/18/2010,72.80347767,3645.9,0.252372601,301.7249579,109.9263176,0.40503468,12.72284711,6.142580654,44.965038,-108.273967
411,WB0337,9/28/2010,57.73373803,4932.9,0.244937024,633.5962355,91.16245206,0.096627025,7.66239295,2.111374041,44.316927,-107.535692
417,WB0338,10/26/2010,60.9172196,1094,0.289069735,450.7604868,96.55568324,0.94865728,11.90969662,5.529512719,44.066437,-107.492567
418,WB0339,10/27/2010,57.71382389,3893,0.281720408,433.9394127,94.75535648,0.850488276,12.23636048,5.668518382,44.269171,-107.863253
414,WB0340,10/11/2010,68.387841,4543,0.293266192,466.8554798,79.72388205,0.674967274,11.09158731,5.316074671,43.883068,-107.37861
415,WB0341,10/12/2010,68.387841,4545,0.293266192,466.8554798,79.72388205,0.674967274,11.09158731,5.316074671,43.883294,-107.376223
407,WB0342,9/14/2010,63.62416723,6630,0.238528552,603.6718402,100.539932,0.072324513,6.990425752,1.299075329,44.299227,-109.377178
412,WB0343,9/29/2010,63,5590,0.297236164,356.8113012,95.70322842,0.551903514,12.21818346,5.406560234,44.371713,-109.033727
413,WB0344,10/6/2010,72.32086333,4209,0.271926618,386.6986321,125.5347808,0.091158186,12.92141456,6.407894736,44.979817,-108.616634
395,WB0345,8/10/2010,66.46882804,4560,0.250088164,609.3676169,110.8905823,0.219855576,8.922060444,2.643800938,44.612089,-108.945226
1313,WB0346,9/16/2019,66.56192537,4397,0.251219962,594.8593203,111.7468773,0.217661905,9.136235765,2.821415624,44.691164,-108.89687
616,WB0346,8/5/2013,66.56192537,4397,0.251219962,594.8593203,111.7468773,0.217661905,9.136235765,2.821415624,44.691164,-108.89687
490,WB0346,8/7/2012,66.56192537,4397,0.251219962,594.8593203,111.7468773,0.217661905,9.136235765,2.821415624,44.691164,-108.89687
396,WB0346,8/10/2010,66.56192537,4397,0.251219962,594.8593203,111.7468773,0.217661905,9.136235765,2.821415624,44.691164,-108.89687
1214,WB0346,8/1/2018,66.56192537,4397,0.251219962,594.8593203,111.7468773,0.217661905,9.136235765,2.821415624,44.691164,-108.89687
394,WB0347,8/9/2010,66.73189001,4175.5,0.253478316,575.5907588,112.6575073,0.212522147,9.418190059,3.051722914,44.703855,-108.750234
626,WB0348,8/8/2013,67.29520657,3792,0.265266722,503.0347128,112.1423125,0.232524312,10.48129166,3.883729473,44.842635,-108.41733
393,WB0348,8/9/2010,67.29520657,3792,0.265266722,503.0347128,112.1423125,0.232524312,10.48129166,3.883729473,44.842635,-108.41733
499,WB0348,8/10/2012,67.29520657,3792,0.265266722,503.0347128,112.1423125,0.232524312,10.48129166,3.883729473,44.842635,-108.41733
406,WB0349,9/13/2010,65.70045507,6070,0.199318097,773.314398,110.7016548,0.03090339,6.370345943,0.450589766,44.2451127,-109.5137313
400,WB0350,8/25/2010,57.87445284,4289,0.290571152,546.5598155,80.02780136,0.483682909,9.951448612,4.147787665,44.52579,-107.753497
416,WB0351,10/20/2010,67.72532329,4056,0.331084168,193.2384197,101.8340656,0.204780269,15.02943969,7.469575064,44.746228,-108.567036
377,WB0352,8/10/2010,51.47074005,5630,0.271525152,435.5456871,130.2285182,0.201138214,11.83989379,4.982890264,42.6321834,-106.4378806
379,WB0353,8/19/2010,54.81520524,6800,0.252843002,429.4459907,89.61134043,0.040989187,11.2267872,5.118498698,42.0079142,-105.4485438
384,WB0354,9/9/2010,54.3622332,6985,0.272186378,442.5672118,121.3046499,0.170683714,11.33696267,4.169655312,41.713894,-105.702514
389,WB0355,10/5/2010,54.65815437,5190,0.273142407,428.2262159,117.9628759,0.39683314,11.8785274,4.798960041,42.7363309,-106.5323517
362,WB0356,9/23/2010,67.72498678,6935,0.233209259,650.2788359,109.7010867,0.103941657,7.838405494,1.040281686,43.536325,-109.6498944
359,WB0357,9/14/2010,62.07540108,6593,0.203667134,590.861281,87.23227062,0.075831185,7.377648271,0.849994794,43.5045667,-109.4680861
346,WB0358,7/20/2010,63.43417794,6275,0.287607237,374.2582694,118.8969139,0.224741642,11.56980786,4.666622596,42.5723139,-108.4150361
351,WB0359,8/10/2010,63.1786092,6581,0.324779406,380.2729753,98.52659628,0.567115712,11.73693363,4.415342021,42.5794472,-108.5676361
371,WB0360,10/26/2010,63.53817588,5262,0.284917401,428.8141308,116.295057,0.653531547,11.8944538,4.720712346,42.7997694,-108.6522111
352,WB0361,8/11/2010,64.5467225,5721,0.336527621,360.5656959,100.4062574,0.535056243,12.57742932,5.154880838,42.7857861,-108.7795806
366,WB0362,10/5/2010,57.33865831,4262,0.26140662,363.7922751,114.249571,0.354779495,12.14374426,4.963406103,43.7358111,-108.1614861
355,WB0363,8/31/2010,53.67172301,4968,0.301783321,337.2601491,109.5998355,0.582810823,13.23956799,5.967028258,43.9053389,-108.45945
357,WB0364,9/2/2010,57.03541005,5582,0.299388774,401.2467676,90.16194736,0.779077336,11.93758823,4.920339516,43.9948361,-108.7041444
356,WB0365,9/1/2010,56.78208825,5208,0.298871924,359.0731794,93.03001555,0.711865546,12.70394708,5.469802133,44.0174361,-108.5599806
350,WB0366,8/3/2010,46.23750473,4061,0.273701088,230.563367,100.5152682,0.250425758,15.08616166,7.304163495,44.0129861,-107.9924611
365,WB0367,10/6/2010,54.75958601,3845,0.268563431,355.0413027,110.0315279,0.445065979,12.70696265,5.498981192,44.3472,-108.0115111
347,WB0368,7/27/2010,60.39523039,6841,0.246075324,588.7885961,102.6907665,0.083445593,6.196215788,0.209575904,44.1051444,-109.1872556
349,WB0369,7/29/2010,63,6552,0.28629537,510.2100028,115.8167879,0.187042706,9.246890814,2.742745475,44.1571694,-109.0801167
508,WB0369,7/30/2012,63,6552,0.28629537,510.2100028,115.8167879,0.187042706,9.246890814,2.742745475,44.1571694,-109.0801167
348,WB0370,7/28/2010,63,7816,0.29563957,543.8436907,108.8103666,0.126738221,8.23840986,2.156528464,44.2242722,-109.1555139
354,WB0371,8/24/2010,59.93988777,3822,0.273243906,429.5443861,111.5613528,0.22514361,10.37959048,3.555611757,44.4714056,-108.0609472
367,WB0372,10/12/2010,63.65435987,4963,0.284143883,255.3642957,92.82140609,0.431339967,14.00979613,6.724426087,44.4152,-108.7300556
368,WB0373,10/13/2010,64.60212862,4522,0.286959808,240.7998951,99.24597847,0.341121615,14.27697571,6.952397704,44.4851111,-108.4782028
369,WB0374,10/19/2010,60.81009427,6470,0.282939834,431.8139884,123.9996368,0.093191499,11.25933313,3.70352389,41.3778333,-110.2018583
370,WB0375,10/20/2010,68.28564057,6335,0.32874138,317.9053359,115.602323,1.625276689,12.23061117,4.397035638,41.9005917,-110.9218194
441,WB0376,8/4/2011,58.99316632,5520,0.278304354,274.1957216,114.5933616,1.025273422,13.5079156,6.730415592,43.177639,-106.9789581
429,WB0377,6/30/2011,58.5953847,5410,0.275957175,268.414416,113.3960357,0.703478498,13.972091,6.909186776,43.186497,-106.94404
443,WB0378,9/27/2011,65.62230307,5160,0.279625947,414.5330446,78.21354852,0.979035391,10.99754956,5.221683534,43.5837162,-106.874734
474,WB0379,9/12/2011,62.95834431,6067,0.269892972,463.0438073,118.3452286,0.135716705,11.05139511,3.599929594,41.00399,-109.667047
476,WB0381,10/25/2011,73.00326435,5570,0.333706253,732.5195669,132.6951868,0.182375892,7.319109229,1.732264075,44.990655,-109.263282
477,WB0382,10/25/2011,73.22179276,5281,0.32180222,666.6061139,133.0512192,0.367426327,8.621521495,2.740524721,44.976587,-109.251112
478,WB0383,10/26/2011,73.25098874,5069,0.315728519,645.9463428,132.7689774,0.358041342,8.996110106,3.022528753,44.969637,-109.237905
632,WB0384,8/6/2013,63,7830,0.283528949,620.1199908,105.8806971,0.057310361,6.600095115,0.817271671,44.19894,-109.1871
505,WB0384,8/7/2012,63,7830,0.283528949,620.1199908,105.8806971,0.057310361,6.600095115,0.817271671,44.19894,-109.1871
631,WB0385,8/5/2013,63,7040,0.285397706,596.3636448,106.7304065,0.061270768,7.211042115,1.271059148,44.183553,-109.152375
506,WB0385,8/1/2012,63,7040,0.285397706,596.3636448,106.7304065,0.061270768,7.211042115,1.271059148,44.183553,-109.152375
630,WB0386,7/31/2013,63,6720,0.287082579,540.6562224,111.5171307,0.151085215,8.602094478,2.264054671,44.166568,-109.108663
507,WB0386,8/2/2012,63,6720,0.287082579,540.6562224,111.5171307,0.151085215,8.602094478,2.264054671,44.166568,-109.108663
628,WB0388,7/30/2013,63,6440,0.286632413,497.5943319,117.4774466,0.213273611,9.508402398,2.921204525,44.155452,-109.057095
509,WB0388,7/31/2012,63,6440,0.286632413,497.5943319,117.4774466,0.213273611,9.508402398,2.921204525,44.155452,-109.057095
510,WB0389,8/8/2012,62.99962604,6328,0.287163392,473.8092087,120.0936515,0.325516135,9.974088147,3.224041364,44.14276,-109.023258
629,WB0389,7/31/2013,62.99962604,6328,0.287163392,473.8092087,120.0936515,0.325516135,9.974088147,3.224041364,44.14276,-109.023258
486,WB0390,8/6/2012,66.57945118,5028,0.242198539,672.1157834,111.8131087,0.11982845,8.051612487,1.891414267,44.510278,-109.144483
618,WB0392,8/6/2013,66.58018799,4385,0.2514452,592.4533554,111.9036607,0.216667289,9.171535696,2.849780046,44.706343,-108.83997
492,WB0392,8/7/2012,66.58018799,4385,0.2514452,592.4533554,111.9036607,0.216667289,9.171535696,2.849780046,44.706343,-108.83997
617,WB0394,8/6/2013,66.67878308,4352,0.252344459,582.658005,112.5052287,0.213491126,9.315614502,2.969484288,44.705883,-108.832616
491,WB0394,8/7/2012,66.67878308,4352,0.252344459,582.658005,112.5052287,0.213491126,9.315614502,2.969484288,44.705883,-108.832616
495,WB0395,8/8/2012,66.72202783,4304,0.253394708,576.8421141,112.5381195,0.213138954,9.400497432,3.037859441,44.701111,-108.780598
619,WB0395,8/6/2013,66.72202783,4304,0.253394708,576.8421141,112.5381195,0.213138954,9.400497432,3.037859441,44.701111,-108.780598
622,WB0397,8/7/2013,66.79082101,4105,0.25423072,568.9362253,113.0971128,0.210475757,9.514882742,3.127234903,44.737453,-108.626361
496,WB0397,8/9/2012,66.79082101,4105,0.25423072,568.9362253,113.0971128,0.210475757,9.514882742,3.127234903,44.737453,-108.626361
497,WB0398,8/9/2012,66.82776279,4100,0.255154699,564.2912078,113.1552382,0.209743777,9.582891672,3.180682569,44.737731,-108.612072
621,WB0398,8/7/2013,66.82776279,4100,0.255154699,564.2912078,113.1552382,0.209743777,9.582891672,3.180682569,44.737731,-108.612072
494,WB0399,8/8/2012,66.83533215,4067,0.255296958,563.5497504,113.2012348,0.209872621,9.593774413,3.189068907,44.751126,-108.575415
623,WB0401,8/7/2013,67.00392898,4064,0.257184806,550.1944291,113.9154695,0.20618421,9.787412076,3.342599743,44.756384,-108.573126
493,WB0401,8/8/2012,67.00392898,4064,0.257184806,550.1944291,113.9154695,0.20618421,9.787412076,3.342599743,44.756384,-108.573126
620,WB0403,8/6/2013,67.0747216,4006,0.260562354,531.3236236,113.2358194,0.211344162,10.06410707,3.559609563,44.775593,-108.530009
498,WB0403,8/9/2012,67.0747216,4006,0.260562354,531.3236236,113.2358194,0.211344162,10.06410707,3.559609563,44.775593,-108.530009
1309,WB0405,9/16/2019,68.23018875,3780,0.270995317,465.1522535,113.2071649,0.246613381,11.08620106,4.405603873,44.859189,-108.350651
1211,WB0405,8/1/2018,68.23018875,3780,0.270995317,465.1522535,113.2071649,0.246613381,11.08620106,4.405603873,44.859189,-108.350651
625,WB0405,8/8/2013,68.23018875,3780,0.270995317,465.1522535,113.2071649,0.246613381,11.08620106,4.405603873,44.859189,-108.350651
500,WB0405,8/10/2012,68.23018875,3780,0.270995317,465.1522535,113.2071649,0.246613381,11.08620106,4.405603873,44.859189,-108.350651
636,WB0410,9/10/2013,72.03675388,7228,0.248700974,674.8867252,118.258312,0.473408974,9.233229724,2.691256096,42.014065,-110.668645
637,WB0412,9/10/2013,71.3347069,7079,0.255799219,632.8810153,118.076386,0.416933339,9.616466454,2.886670332,41.932693,-110.645478
635,WB0413,9/9/2013,70.06425372,6841,0.266576747,549.9862099,113.3430136,0.453899867,10.08167373,3.079633292,41.794672,-110.534283
638,WB0414,9/10/2013,70.06425372,6825,0.266576747,549.9862099,113.3430136,0.453899867,10.08167373,3.079633292,41.783193,-110.533977
649,WB0417,8/13/2013,58.46270529,7305,0.301452763,432.7189761,145.2707619,0.117093913,11.07581018,3.460015924,41.186618,-110.434023
819,WB0417,8/19/2014,58.46270529,7305,0.301452763,432.7189761,145.2707619,0.117093913,11.07581018,3.460015924,41.186618,-110.434023
821,WB0425,8/25/2014,62.23998201,6602,0.275439973,380.0770785,115.5725079,0.131503698,10.72298901,3.791793615,42.5030383,-108.25221
966,WB0426,9/29/2015,56.98523344,6595,0.261040377,342.6556448,112.0433411,0.341730139,10.67563091,2.372676138,42.1424503,-109.4375703
950,WB0428,8/6/2015,56,7020,0.27732325,293.1822202,79.2978536,0.427669944,11.46309629,5.010011832,41.2276286,-109.0343655
947,WB0429,8/3/2015,55.9998211,7400,0.27582942,300.284274,86.81657588,1.215682501,11.47579715,4.774112037,41.1663203,-109.2342421
965,WB0430,9/28/2015,62.70159705,6190,0.251572022,400.3106429,114.6372714,0.304255557,10.46182725,2.482069192,41.7137453,-109.7141003
951,WB0431,8/17/2015,73.02031454,7480,0.234108378,734.4429125,118.8515593,0.460663734,8.8400401,2.531312579,42.1172586,-110.7230867
956,WB0432,9/1/2015,71.16224059,7015,0.258003911,620.0242323,118.0905045,0.408716506,9.706976142,2.93277783,41.8789053,-110.6063151
955,WB0433,8/26/2015,64.01909016,6990,0.273512415,575.7863575,128.2672672,0.084996427,9.535008448,2.105338702,41.041332,-109.9968903
953,WB0434,8/24/2015,62.95834431,6067,0.269892972,463.0438073,118.3452286,0.135716705,11.05139511,3.599929594,41.004922,-109.6694454
944,wb0436,7/28/2015,57.52728721,6935,0.266898005,395.759642,122.597074,0.086251053,10.12926631,2.37298681,42.3754668,-109.237277
962,WB0437,9/22/2015,59.05625579,6220,0.284996903,543.0698997,115.7340794,0.37973068,12.13765444,5.074265292,41.0342012,-107.6781255
954,WB0440,8/25/2015,64.08092805,7670,0.27211232,617.4183315,133.2048962,0.06360058,9.062529347,1.627176679,41.0315837,-110.1598703
957,WB0441,9/2/2015,62.11468496,7375,0.271903119,668.2473321,129.365947,0.053571469,9.084981359,1.54065007,41.1733704,-110.4295069
948,WB0442,8/4/2015,55.83511313,6580,0.286758829,331.8101446,86.52625714,0.432264031,12.47735509,5.528079606,41.022398,-109.384992
1186,WB0443,7/18/2018,55.8381406,7200,0.262781159,377.3764364,110.0949259,1.366887776,10.86836056,3.96833562,41.191512,-109.2598538
949,WB0443,8/5/2015,55.8381406,7200,0.262781159,377.3764364,110.0949259,1.366887776,10.86836056,3.96833562,41.191512,-109.2598538
1098,WB0443,7/19/2017,55.8381406,7200,0.262781159,377.3764364,110.0949259,1.366887776,10.86836056,3.96833562,41.191512,-109.2598538
943,WB0444,7/16/2015,56.37961931,6070,0.285134222,307.9918187,76.87940639,1.961401287,12.8693438,5.852248632,41.155022,-109.5147954
969,WB0445,8/3/2015,63.51881568,7421,0.239644119,546.1884041,128.8996385,0.071880524,9.184894655,1.702836236,42.994024,-110.132412
989,WB0446,9/29/2015,59.65954678,7110,0.19889963,637.8946216,145.6583787,0.040963261,8.062107863,1.210405791,42.555262,-109.37601
967,WB0447,7/14/2015,56.34133286,6394,0.266967104,280.8360502,106.1147899,0.365384053,11.35646945,3.171258312,42.002707,-109.605389
990,WB0448,9/30/2015,58.87362692,7245,0.1740784,737.5062666,152.4,0.01893612,7.218323255,0.932071138,42.834605,-109.711761
978,WB0449,8/24/2015,58.86894481,6961,0.176215283,724.3033655,152.4,0.02436721,7.328307473,0.969676568,42.804934,-109.726549
981,WB0450,8/31/2015,72.2372605,6581,0.232406605,542.4167768,116.5205542,0.756394824,9.98884103,2.744655478,42.088778,-110.250228
982,WB0451,9/1/2015,72.15327942,6481,0.239448986,503.8532468,114.1361838,0.747963676,10.24990946,2.850110935,42.093325,-110.17825
984,WB0452,9/15/2015,64.54992162,7762,0.153583662,767.5867243,132.9797996,0.151378883,6.395155369,-0.31490632,43.317302,-110.010627
1207,WB0452,9/12/2018,64.54992162,7762,0.153583662,767.5867243,132.9797996,0.151378883,6.395155369,-0.31490632,43.317302,-110.010627
1110,WB0452,9/19/2017,64.54992162,7762,0.153583662,767.5867243,132.9797996,0.151378883,6.395155369,-0.31490632,43.317302,-110.010627
988,WB0453,9/23/2015,63.7239166,7295,0.19673557,647.7629672,125.2764426,0.272386702,7.853323481,0.729770799,42.942225,-110.136318
1113,WB0453,9/20/2017,63.7239166,7295,0.19673557,647.7629672,125.2764426,0.272386702,7.853323481,0.729770799,42.942225,-110.136318
1204,WB0453,9/17/2018,63.7239166,7295,0.19673557,647.7629672,125.2764426,0.272386702,7.853323481,0.729770799,42.942225,-110.136318
986,WB0454,9/22/2015,62.02388658,6701,0.226078931,517.1029817,130.7863737,0.163202348,9.126431386,1.460542572,42.524206,-110.032505
985,WB0455,9/21/2015,63.81365643,6586,0.233426027,507.6618685,128.6802399,0.157713572,9.336317392,1.60203721,42.332625,-110.148688
968,WB0456,7/15/2015,60.74691139,7574,0.260485177,418.4081795,145.1525426,0.059752582,9.620226133,1.517144496,43.067602,-110.023542
991,WB0457,10/15/2015,60.70449077,6956,0.201533075,592.4172639,146.2700792,0.047332703,8.54813436,1.242575848,42.762211,-109.757761
987,WB0458,9/23/2015,59.63598648,6811,0.218620223,516.8064867,142.4007071,0.085206398,9.109937284,1.547385471,42.594415,-109.858031
973,WB0459,8/14/2015,69.45071604,7555,0.191773998,820.7443917,129.2920352,0.295246324,8.196555108,1.545134926,42.919873,-110.320398
971,WB0460,8/12/2015,67.0011713,7966,0.199886158,823.1198939,128.8102314,0.043216192,8.271524776,1.638235523,42.997685,-110.378638
1010,WB0461,9/15/2016,56.12077019,7500,0.264703701,889.1356082,114.7036835,0.119094789,8.652102431,2.063500258,41.3282067,-106.599786
1003,WB0462,8/30/2016,53.61002684,7105,0.240268198,426.8642534,79.78188615,0.02880566,10.9674235,4.968594074,42.0072549,-105.5666845
998,WB0463,8/17/2016,55.14485607,7035,0.266512983,453.2020139,121.2098106,0.156242218,11.19740906,4.041557336,41.5519966,-105.6848379
1011,WB0464,10/3/2016,54.12166635,6875,0.271043026,432.2131068,120.9904677,0.189668684,11.4145362,4.260856322,41.9367316,-105.5583279
996,WB0465,8/16/2016,54.74946313,7780,0.258665226,637.125853,120.9659169,0.08528049,9.393685404,2.520294314,41.252415,-106.0851062
997,WB0466,8/17/2016,53.18865141,7030,0.270318162,483.5343028,134.1948726,0.187179212,10.87100553,3.773655171,41.46154,-105.7330179
1019,WB0467,8/1/2016,61.16819578,7701,0.199735701,567.7118667,123.1616876,0.047182882,8.750715602,2.231695662,42.44516,-108.973375
1024,WB0468,8/9/2016,50.70655667,6803,0.285040866,379.0091755,113.4893908,0.245399699,11.30857172,3.993372035,42.247067,-106.119356
1025,WB0469,8/10/2016,52.28831781,6606,0.283366609,515.0148652,108.2240031,0.605867992,11.27563251,4.302966384,41.836557,-106.203186
1017,WB0470,7/26/2016,53.12183574,7242,0.283310713,526.230055,126.5329146,0.052908383,11.11417277,4.212251177,41.67399,-106.446968
1034,WB0471,9/20/2016,57.63976315,6635,0.258150193,642.084339,127.8909754,0.240392667,10.43562892,3.116127994,41.551938,-106.904775
1032,wb0472,9/12/2016,55.40941219,6543,0.286000193,452.5037241,119.7961653,0.32495046,11.96944937,4.793271817,41.703018,-106.834818
1014,WB0473,7/13/2016,52.99898358,6341,0.267216054,366.6128309,95.16962028,0.106321321,11.6648297,5.463585939,42.362428,-107.251527
1033,WB0474,9/13/2016,54.29648001,6827,0.288475171,465.3073545,85.30700951,0.802985589,11.71924406,4.676194737,41.686115,-106.676059
1015,WB0475,7/14/2016,49.77422526,7165,0.235503317,551.8902622,68.86562556,0.053331777,9.861608801,3.05411914,42.287472,-105.884258
1020,WB0476,8/2/2016,61.14497358,7062,0.247993933,446.7276772,116.93401,0.106436815,9.804604064,2.880710946,42.416203,-108.501247
1022,WB0477,8/4/2016,61.427677,6754,0.251410056,437.955203,116.4858808,0.106558591,9.937627421,3.033609757,42.438621,-108.42477
1504,WB0477,8/13/2020,61.427677,6754,0.251410056,437.955203,116.4858808,0.106558591,9.937627421,3.033609757,42.438621,-108.42477
1319,WB0477,8/14/2019,61.427677,6754,0.251410056,437.955203,116.4858808,0.106558591,9.937627421,3.033609757,42.438621,-108.42477
1321,WB0478,8/16/2019,61.65734532,6569,0.255467725,428.2965468,115.5029584,0.108666785,10.12106794,3.222838921,42.490752,-108.307366
1026,WB0478,8/22/2016,61.65734532,6569,0.255467725,428.2965468,115.5029584,0.108666785,10.12106794,3.222838921,42.490752,-108.307366
1505,WB0478,8/14/2020,61.65734532,6569,0.255467725,428.2965468,115.5029584,0.108666785,10.12106794,3.222838921,42.490752,-108.307366
1018,WB0479,7/27/2016,57.62859792,5907,0.282082262,318.0245939,121.2565357,0.149648182,11.92758365,5.156091873,42.444008,-107.217652
1023,WB0480,8/8/2016,52.10569893,7524,0.267117651,610.7712509,120.2002324,2.187491236,10.28582986,3.558734306,41.62092,-106.295056
1016,WB0481,7/25/2016,52.57801431,7173,0.276749723,810.1198035,117.3493678,0.100076419,8.44617733,1.904767971,41.662273,-106.143141
1044,WB0482,8/23/2016,51.01256659,5315,0.270703601,411.412849,107.7747486,0.547611095,12.57394066,5.638631614,42.672998,-106.598468
1045,WB0483,8/24/2016,50.62635903,5320,0.288097031,424.8861428,122.9154261,0.271718581,12.22303671,5.535085684,42.474497,-106.530157
1040,WB0484,8/8/2016,49.49715983,5305,0.266613387,307.930919,140.3415592,0.427269508,13.71791701,6.882755928,42.813377,-106.56797
1213,WB0487,8/1/2018,66.73189001,4265,0.253478316,575.5907588,112.6575073,0.212522147,9.418190059,3.051722914,44.706857,-108.755548
1312,WB0487,9/16/2019,66.73189001,4265,0.253478316,575.5907588,112.6575073,0.212522147,9.418190059,3.051722914,44.706857,-108.755548
1219,WB0488,8/6/2018,66.82776279,4080,0.255154699,564.2912078,113.1552382,0.209743777,9.582891672,3.180682569,44.740859,-108.593059
1311,WB0488,9/16/2019,66.82776279,4080,0.255154699,564.2912078,113.1552382,0.209743777,9.582891672,3.180682569,44.740859,-108.593059
1212,WB0489,8/1/2018,67.29425111,3850,0.265263638,503.0763521,112.1372728,0.2325494,10.48067613,3.883273758,44.837858,-108.434919
1310,WB0489,9/16/2019,67.29425111,3850,0.265263638,503.0763521,112.1372728,0.2325494,10.48067613,3.883273758,44.837858,-108.434919
1096,WB0490,7/17/2017,55.9998211,7200,0.27582942,300.284274,86.81657588,1.215682501,11.47579715,4.774112037,41.18741,-109.239962
1184,WB0490,7/16/2018,55.9998211,7200,0.27582942,300.284274,86.81657588,1.215682501,11.47579715,4.774112037,41.18741,-109.239962
1187,WB0491,7/18/2018,55.8381406,7550,0.262781159,377.3764364,110.0949259,1.366887776,10.86836056,3.96833562,41.16867,-109.269584
1099,WB0491,7/20/2017,55.8381406,7550,0.262781159,377.3764364,110.0949259,1.366887776,10.86836056,3.96833562,41.16867,-109.269584
1097,WB0492,7/18/2017,55.93828011,6920,0.27347103,320.8411506,90.84416651,1.033345272,11.44688556,4.694423967,41.22289,-109.240113
1185,WB0492,7/17/2018,55.93828011,6920,0.27347103,320.8411506,90.84416651,1.033345272,11.44688556,4.694423967,41.22289,-109.240113
1206,WB0494,9/18/2018,63.91349252,7570,0.180490416,696.1851711,122.6348846,0.352011281,7.292531237,0.351143625,43.098612,-110.063222
1112,WB0494,9/25/2017,63.91349252,7570,0.180490416,696.1851711,122.6348846,0.352011281,7.292531237,0.351143625,43.098612,-110.063222
1216,WB0498,8/2/2018,66.514669,4523,0.250681245,601.8156208,111.3304447,0.219676075,9.032093529,2.73569158,44.659326,-108.93062
1314,WB0498,9/17/2019,66.514669,4523,0.250681245,601.8156208,111.3304447,0.219676075,9.032093529,2.73569158,44.659326,-108.93062
1320,WB0500,8/15/2019,60.66423102,7568,0.211835043,559.4778486,123.7454617,0.03859333,8.630403818,2.063729792,42.429915,-108.98779
1501,WB0500,8/11/2020,60.66423102,7568,0.211835043,559.4778486,123.7454617,0.03859333,8.630403818,2.063729792,42.429915,-108.98779
1318,WB0518,9/17/2019,69.77414954,4241,0.239916856,767.9937269,108.8387619,0.080874962,7.783736323,1.569252309,44.85798,-109.19481
262,WB106,9/9/2008,55.96621792,6562,0.272220762,361.9051228,113.3894689,2.335154635,11.40810616,4.434392028,41.2156889,-109.3801083
222,WB184,8/25/2008,57.46180775,6900,0.267498072,389.3438785,120.2911061,0.09036863,10.19170374,2.401169725,42.3388472,-109.2527472
154,WB184,8/20/2007,57.46180775,6900,0.267498072,389.3438785,120.2911061,0.09036863,10.19170374,2.401169725,42.3388472,-109.2527472
514,WB2,10/8/2012,63.87737325,7555,0.181836327,692.2850717,123.0646683,0.346853072,7.329762556,0.37112996,43.0747222,-110.0780556
647,WB201,8/12/2013,58.96769035,7874,0.292927289,473.4069671,140.713441,0.090841301,10.65353447,2.952582813,41.1129667,-110.4671528
817,WB201,8/18/2014,58.96769035,7874,0.292927289,473.4069671,140.713441,0.090841301,10.65353447,2.952582813,41.1129667,-110.4671528
648,WB202,8/13/2013,58.5644447,7612,0.299529465,451.3333647,143.7423067,0.111212554,10.87857867,3.220032295,41.1425944,-110.4477639
1502,WB205,8/12/2020,60.6297502,7415,0.227593337,513.3087464,120.9838059,0.060124602,8.992433435,2.317348682,42.3719333,-108.7896167
1326,WB205,8/21/2019,60.6297502,7415,0.227593337,513.3087464,120.9838059,0.060124602,8.992433435,2.317348682,42.3719333,-108.7896167
221,WB222,8/25/2008,57.46180775,6900,0.267498072,389.3438785,120.2911061,0.09036863,10.19170374,2.401169725,42.3415333,-109.2500111
156,WB223,8/20/2007,57.35544212,6880,0.268183651,380.9090003,117.4038327,0.096999298,10.27782874,2.437433031,42.3203111,-109.2678583
223,WB223,8/25/2008,57.35544212,6880,0.268183651,380.9090003,117.4038327,0.096999298,10.27782874,2.437433031,42.3203111,-109.2678583
1503,WB25,8/13/2020,61.10508119,7150,0.247545574,447.9871693,117.0314256,0.105586733,9.785821061,2.864908868,42.4063889,-108.5336111
1322,WB25,8/19/2019,61.10508119,7150,0.247545574,447.9871693,117.0314256,0.105586733,9.785821061,2.864908868,42.4063889,-108.5336111
287,WB25,7/20/2009,61.10508119,7150,0.247545574,447.9871693,117.0314256,0.105586733,9.785821061,2.864908868,42.4063889,-108.5336111
651,WB26,9/30/2013,64.57160347,6807,0.22472665,565.4025015,127.0702823,0.194511353,8.784127287,1.216262842,42.5705556,-109.9483333
1205,WB26,9/19/2018,64.57160347,6807,0.22472665,565.4025015,127.0702823,0.194511353,8.784127287,1.216262842,42.5705556,-109.9483333
1114,WB26,9/26/2017,64.57160347,6807,0.22472665,565.4025015,127.0702823,0.194511353,8.784127287,1.216262842,42.5705556,-109.9483333
652,WB27,10/1/2013,59.65571898,6835,0.219215334,513.8541222,142.0379747,0.087224551,9.131823593,1.556324773,42.5844444,-109.9202778
263,WB28,10/6/2008,60.85777094,7250,0.214535836,554.4656378,139.5254383,0.062478881,8.72631136,1.119046974,42.9077056,-109.9238889
326,WB3,10/15/2009,54.50116913,7504,0.262393928,631.3474663,125.9946217,0.164879056,9.39147005,2.517793575,41.2997194,-105.9941556
197,WB47,10/1/2007,73.87738252,6560,0.17958347,630.5843866,102.6760048,1.861100175,10.93486203,3.759596918,42.1916333,-110.9078722
832,WB5,10/9/2014,57.24014042,6945,0.250661757,677.5947909,128.6090426,0.274407566,10.04626196,2.695242325,41.332264,-106.726994
634,WB64,9/9/2013,70.06425372,6960,0.266576747,549.9862099,113.3430136,0.453899867,10.08167373,3.079633292,41.8281583,-110.53085
515,WB88,10/10/2012,59.77979747,7030,0.194801912,699.1303782,152.4,0.024351248,7.868057061,1.191508201,42.7952083,-109.7883278
209,WB90,8/8/2007,63.82473406,5700,0.331313533,327.1088241,110.3289453,0.938359017,12.95777614,5.883854831,42.7362944,-108.6169667
289,WB90,8/4/2009,63.82473406,5700,0.331313533,327.1088241,110.3289453,0.938359017,12.95777614,5.883854831,42.7362944,-108.6169667
206,WB92,8/15/2007,63.52166172,6030,0.320512908,355.2059383,105.3395843,0.590303217,12.07080727,5.05378261,42.62335,-108.4977
292,WB92,8/10/2009,63.52166172,6030,0.320512908,355.2059383,105.3395843,0.590303217,12.07080727,5.05378261,42.62335,-108.4977
290,WBI06,8/5/2009,63.69965158,5720,0.328550381,340.0338467,107.934416,0.863237984,12.5597191,5.536779827,42.7013694,-108.4929
208,WBI06,8/9/2007,63.69965158,5720,0.328550381,340.0338467,107.934416,0.863237984,12.5597191,5.536779827,42.7013694,-108.4929
633,WBI25,9/9/2013,70.06425372,6880,0.266576747,549.9862099,113.3430136,0.453899867,10.08167373,3.079633292,41.74995,-110.5336194
162,WHP0044,9/18/2007,57.54148129,5600,0.274951992,442.2552737,101.7287976,0.099373704,13.50910885,6.559091459,41.473,-104.712
172,WHP0046,10/9/2007,56.89708121,5970,0.259797802,443.8985931,94.45087672,0.088001675,13.34192212,6.401801199,41.1214997,-104.7655795
281,WHP0046,10/10/2008,56.89708121,5970,0.259797802,443.8985931,94.45087672,0.088001675,13.34192212,6.401801199,41.1214997,-104.7655795
280,WHP0047,10/9/2008,56.89708121,5985,0.259797802,443.8985931,94.45087672,0.088001675,13.34192212,6.401801199,41.124972,-104.7812986
171,WHP0047,10/8/2007,56.89708121,5985,0.259797802,443.8985931,94.45087672,0.088001675,13.34192212,6.401801199,41.124972,-104.7812986
278,WHP0051,10/8/2008,56.89708121,6030,0.259797802,443.8985931,94.45087672,0.088001675,13.34192212,6.401801199,41.1234922,-104.8120844
169,WHP0051,10/4/2007,56.89708121,6030,0.259797802,443.8985931,94.45087672,0.088001675,13.34192212,6.401801199,41.1234922,-104.8120844
224,WHP0052,9/3/2008,54.63485055,4860,0.266960167,426.2697433,115.3674241,0.179150412,11.84469124,4.720800012,41.9781148,-105.075339
387,WHP0053,9/29/2010,66.81403654,5210,0.254249199,413.1999314,117.2642724,0.113431824,16.07371363,8.371250906,41.6888815,-104.5749799
424,WHP0054,6/14/2011,49.78312107,4920,0.225163362,391.2419278,125.3916619,0.113998003,15.07139644,7.542476073,42.8507739,-104.7390582
1049,WHP0055,7/27/2016,62.03958762,4800,0.264383869,412.8084141,127.5883178,0.111138902,15.26999043,7.852541893,41.6494065,-104.3827365
1051,WHP0057,8/1/2016,59.05229439,5290,0.262981802,436.314644,107.4304423,0.101673017,13.93932008,6.871335201,41.5047449,-104.5430465
1052,WHP0058,8/2/2016,61.2847465,4925,0.254921027,430.9119313,112.7012271,0.103704907,14.47240298,7.246133584,41.5406332,-104.3181332
1047,WHP0059,7/19/2016,64.8288743,4310,0.259642914,421.4492321,122.3373512,0.112120925,15.50405497,7.958531089,41.8083532,-104.2556465
1048,WHP0060,7/21/2016,64.85340782,4300,0.259547098,421.3934796,122.4209747,0.11366953,15.51050221,7.962266215,41.8122598,-104.2500365
994,WHP0061,8/3/2016,61.94945909,5315,0.239663516,395.5306077,152.4,0.101873195,15.78079389,8.101806623,41.1352249,-104.2864533
1042,WHP0062,8/16/2016,54.93821295,4781,0.262923193,420.5448893,116.8581473,0.069971756,14.54626606,7.057457452,42.289565,-105.04466
173,WHP11,10/10/2007,57.02172457,5880,0.258039915,440.75468,99.33262583,0.089020622,13.47995351,6.518027011,41.1272389,-104.7053306
282,WHP11,10/13/2008,57.02172457,5880,0.258039915,440.75468,99.33262583,0.089020622,13.47995351,6.518027011,41.1272389,-104.7053306
170,WHP12,10/5/2007,56.89708121,6000,0.259797802,443.8985931,94.45087672,0.088001675,13.34192212,6.401801199,41.122625,-104.7953778
279,WHP12,10/8/2008,56.89708121,6000,0.259797802,443.8985931,94.45087672,0.088001675,13.34192212,6.401801199,41.122625,-104.7953778
277,WHP13,10/7/2008,56.71173632,6120,0.261533433,447.8524004,89.95138931,0.086806692,13.20210848,6.281897765,41.1357694,-104.8428611
168,WHP13,10/3/2007,56.71173632,6120,0.261533433,447.8524004,89.95138931,0.086806692,13.20210848,6.281897765,41.1357694,-104.8428611
386,WHP21,9/28/2010,60.90291063,5160,0.272662514,414.8328614,127.525616,0.114619035,15.06917167,7.72320159,41.6162417,-104.6168917
283,WHPI11,10/14/2008,57.0997076,5880,0.256656275,438.115163,103.1946529,0.089796923,13.59304643,6.609720487,41.1292,-104.7049667
174,WHPI11,10/10/2007,57.0997076,5880,0.256656275,438.115163,103.1946529,0.089796923,13.59304643,6.609720487,41.1292,-104.7049667
233,WHPI7,10/20/2008,56.45459749,6020,0.255411453,441.4771196,69.02147319,0.182760568,12.94794185,6.12729327,41.6108361,-105.1352556
820,WU0003,8/20/2014,59.27705166,8334,0.271410781,562.4135932,129.9548589,0.034478503,9.776370565,2.15699424,41.0679361,-110.5049389
650,WU0003,8/14/2013,59.27705166,8334,0.271410781,562.4135932,129.9548589,0.034478503,9.776370565,2.15699424,41.0679361,-110.5049389
958,WU0007,9/3/2015,62.082684,8975,0.271191743,676.4301079,130.100322,0.038189997,8.975364458,1.424191387,41.0169821,-110.4189252
